variables_quantisation_cached_flops_for_quantised_models,global_energy_metrics_local_process_results_ram_power_process_3,global_energy_metrics_global_experiment_results_ram_energy_total,setup_region,variables_batching_options_batch_size___fixed_batching,variables_batching_options_adaptive_batching,setup_country,global_energy_metrics_global_experiment_results_total_energy_joules,variables_number_input_prompts,global_energy_metrics_global_experiment_results_cpu_energy_total,variables_quantisation_load_in_8bit,compute_metrics_compute_utilisation_gpu_utilization_percent_3,inference_metrics_raw_inference_metrics_total_generated_tokens,global_energy_metrics_global_experiment_results_ram_power_avg,variables_latency_simulation_simulate,global_energy_metrics_local_process_results_ram_power_process_1,setup_gpu_model,compute_metrics_memory_gpu_max_memory_reserved_bytes,variables_latency_simulation_delay_min,global_energy_metrics_local_process_results_gpu_power_process_1,global_energy_metrics_local_process_results_ram_energy_process_1,global_energy_metrics_local_process_results_total_energy_kwh_process_2,variables_backend,compute_metrics_compute_utilisation_gpu_utilization_percent_1,global_energy_metrics_local_process_results_gpu_energy_process_0,variables_query_rate,variables_decode_token_to_text,global_energy_metrics_per-process_emissions_2,compute_metrics_flops,global_energy_metrics_experiment_id,compute_metrics_compute_utilisation_cpu_memory_usage_bytes,variables_decoder_config_decoder_top_k,global_energy_metrics_local_process_results_ram_power_process_0,variables_max_output_tokens,compute_metrics_compute_utilisation_gpu_utilization_percent_2,variables_config_name,setup_model,inference_metrics_raw_inference_metrics_number_input_prompts,variables_decoder_config_decoder_temperature,global_energy_metrics_local_process_results_total_energy_joules_process_0,setup_experiment_id,global_energy_metrics_local_process_results_total_energy_kwh_process_3,global_energy_metrics_local_process_results_ram_energy_process_3,variables_sharding_config_fsdp_config_cpu_offload,global_energy_metrics_local_process_results_gpu_power_process_2,compute_metrics_compute_utilisation_cpu_usage_percent,inference_metrics_inference_performance_throughput_tokens_per_sec,global_energy_metrics_local_process_results_cpu_energy_process_3,inference_metrics_raw_inference_metrics_total_input_tokens,global_energy_metrics_local_process_results_total_energy_joules_process_3,model_architecture_total_params,compute_metrics_memory_gpu_current_memory_allocated_bytes,setup_task_type,variables_latency_simulation_burst_size,global_energy_metrics_local_process_results_total_energy_kwh_process_0,global_energy_metrics_local_process_results_cpu_energy_process_2,inference_metrics_inference_performance_throughput_queries_per_sec,global_energy_metrics_local_process_results_total_energy_kwh_process_1,global_energy_metrics_local_process_results_gpu_power_process_0,global_energy_metrics_local_process_results_gpu_energy_process_1,variables_quantisation_quantization,variables_sharding_config_sharding_strategy,global_energy_metrics_local_process_results_gpu_power_process_3,global_energy_metrics_local_process_results_ram_energy_process_0,global_energy_metrics_global_derived_quantities_flops_per_joule,variables_inference_type,compute_metrics_memory_gpu_current_memory_reserved_bytes,setup_os,global_energy_metrics_local_process_results_cpu_energy_process_1,global_energy_metrics_local_process_results_ram_power_process_2,global_energy_metrics_per-process_emissions_0,variables_accelerate_config_distributed_type,global_energy_metrics_per-process_emissions_1,compute_metrics_compute_utilisation_gpu_utilization_percent_0,global_energy_metrics_global_derived_quantities_tokens_per_joule,setup_python_version,global_energy_metrics_local_process_results_gpu_energy_process_3,variables_latency_simulation_delay_max,global_energy_metrics_local_process_results_total_energy_joules_process_2,variables_accelerate_config_num_processes,variables_latency_simulation_burst_interval,global_energy_metrics_per-process_emissions_3,variables_batching_options_adaptive_max_tokens,variables_batching_options_max_batch_size___adaptive_batching,setup_available_cpu_count,global_energy_metrics_local_process_results_cpu_power_process_3,global_energy_metrics_local_process_results_total_energy_joules_process_1,global_energy_metrics_local_process_results_cpu_power_process_0,inference_metrics_inference_performance_average_latency_ms_per_batch,global_energy_metrics_local_process_results_cpu_power_process_2,global_energy_metrics_global_experiment_results_gpu_power_avg,compute_metrics_memory_gpu_max_memory_allocated_bytes,global_energy_metrics_global_derived_quantities_joules_per_token,setup_available_gpu_count,global_energy_metrics_local_process_results_gpu_energy_process_2,setup_cpu_model,global_energy_metrics_global_experiment_results_gpu_energy_total,global_energy_metrics_local_process_results_ram_energy_process_2,global_energy_metrics_global_experiment_results_cpu_power_avg,global_energy_metrics_global_derived_quantities_joules_per_flop,setup_date_time,variables_max_input_tokens,variables_fp_precision,model_architecture_architecture,global_energy_metrics_local_process_results_cpu_power_process_1,variables_decoder_config_decoder_top_p,variables_latency_simulation_simulate_burst,global_energy_metrics_global_experiment_results_total_energy_kwh,inference_metrics_inference_performance_total_inference_time_sec,variables_quantisation_load_in_4bit,variables_sharding_config_fsdp_config_use_orig_params,setup_is_encoder_decoder,global_energy_metrics_local_process_results_cpu_energy_process_0
16949970993152,0.9654335975646973,3.393949751926359e-05,saxony,16,False,Germany,126356.46056846535,128,0.005141982833038128,False,100.0,16384,0.9523487091064453,False,0.9742698669433594,4 x NVIDIA A100-PCIE-40GB,1929379840,0,619.305051712085,8.258423566353862e-06,0.009265700482820036,pytorch,100.0,0.006989728369558357,1.0,True,0.0035028027734017365,16949970993152,0527,2671374336,0,0.9328136444091797,128,100.0,latency_False,TinyLlama/TinyLlama-1.1B-Chat-v1.0,128,1.0,29485.262519826432,0527,0.009194914748396735,9.289621241891411e-06,False,648.1564896821723,5.6,424.7051503909177,0.0013544296955351456,16384,33101.69309422825,615606272,1087688704,text_generation,0,0.008190350699951787,0.0013657046046846519,3.3180089874290446,0.008448050893405147,718.30856055933,0.007211098546649808,True,NO_SHARD,597.0658226747395,7.46772076408346e-06,134144078.71901238,pure_generative,1929379840,Linux-5.15.0-113-generic-x86_64-with-glibc2.31,0.0012286939231889846,0.9368777275085449,0.0035297685989302925,DistributedType.MULTI_GPU,0.003120114099146633,15.0,0.12966491722140672,"3.10.14 (main, Apr  6 2024, 18:45:05) [GCC 9.4.0]",0.007831195431619697,0,33356.52173815213,4,0.0,0.003218284987842691,0,0,128,112.5,30412.98321625853,112.5,4822.168975617387,112.5,645.7089811570817,1087688704,7.712186313993246,4,0.00789107214618845,AMD EPYC 7742 64-Core Processor,0.02992309449401631,8.923731946934856e-06,112.5,7.454671197933904e-09,"April 16, 2025 at 04:23:00 PM",128,torch.float16,Unknown (no config attribute),112.5,0.0,False,0.035099016824573705,38.5773518049391,True,False,False,0.0011931546096293458
16949970993152,0.9773383140563965,3.3989205681066453e-05,saxony,16,False,Germany,125980.92849395039,128,0.005138555129382439,False,100.0,16384,0.959164023399353,True,0.9775071144104005,4 x NVIDIA A100-PCIE-40GB,1929379840,0.05,823.1765175609736,8.214050289006815e-06,0.009163192738022593,pytorch,100.0,0.007013410888501603,1.0,True,0.0031316298976618675,16949970993152,0528,2648506368,0,0.9248642921447755,128,100.0,latency_True_latency_0.05_latency_0.1_latency_False,TinyLlama/TinyLlama-1.1B-Chat-v1.0,128,1.0,29594.087495951495,0528,0.00917230744944211,9.333738492543883e-06,False,731.1008970797255,5.5,417.366674728386,0.0013536605190638512,16384,33020.30681799159,615606272,1087688704,text_generation,0,0.008220579859986527,0.0013521674896601324,3.2606771463155155,0.008438622311979435,755.4332429875697,0.007197454924627422,True,NO_SHARD,650.4591290624425,7.395187889476381e-06,134543944.03805286,pure_generative,1929379840,Linux-5.15.0-113-generic-x86_64-with-glibc2.31,0.001232953337063009,0.9569463729858398,0.0032146931697485657,DistributedType.MULTI_GPU,0.0034941905228649717,0.0,0.13005143076705267,"3.10.14 (main, Apr  6 2024, 18:45:05) [GCC 9.4.0]",0.007809313191885714,0.1,32987.49385688134,4,0.0,0.003490718273549707,0,0,128,112.5,30379.040323125966,112.5,4906.956218612322,112.5,740.0424466726779,1087688704,7.689265655148338,4,0.007801979019352423,AMD EPYC 7742 64-Core Processor,0.029822158024367162,9.046229010039376e-06,112.5,7.4325158753869404e-09,"April 16, 2025 at 04:24:15 PM",128,torch.float16,Unknown (no config attribute),112.5,0.0,False,0.03499470235943067,39.25564974889858,True,False,False,0.0011997737835954469
16949970993152,0.9643306732177734,3.501492468133874e-05,saxony,16,False,Germany,129090.52128083844,128,0.005267967375617444,False,100.0,16384,0.9585310220718384,True,0.9740724563598633,4 x NVIDIA A100-PCIE-40GB,1929379840,0.1,631.531814490998,8.396781305786399e-06,0.00938237088764838,pytorch,100.0,0.007122382364565638,1.0,True,0.003182078451472265,16949970993152,0529,2668072960,0,0.9306492805480957,128,100.0,latency_True_latency_0.1_latency_0.2_latency_False,TinyLlama/TinyLlama-1.1B-Chat-v1.0,128,1.0,30070.829309096087,0529,0.009503029845238934,9.5518978162648e-06,False,642.0072383264802,5.7,413.51951037729725,0.0014004439729997104,16384,34210.90744286016,615606272,1087688704,text_generation,0,0.00835300814141558,0.0013800821578970495,3.230621174822635,0.008620069259263338,524.5286181125992,0.007347151988828848,True,NO_SHARD,531.5482647150276,7.705021257957042e-06,131302986.6559844,pure_generative,1929379840,Linux-5.15.0-113-generic-x86_64-with-glibc2.31,0.0012645204891286994,0.9650716781616211,0.003620179219543772,DistributedType.MULTI_GPU,0.00357421418964965,0.0,0.12691869114352985,"3.10.14 (main, Apr  6 2024, 18:45:05) [GCC 9.4.0]",0.008093033974422958,0.2,33776.53519553417,4,0.0,0.0032838153843163685,0,0,128,112.5,31032.249333348016,112.5,4952.607914754481,112.5,582.4039839112762,1087688704,7.879060136769923,4,0.007992927505449998,AMD EPYC 7742 64-Core Processor,0.030555495833267443,9.361224301330502e-06,112.5,7.615972990926806e-09,"April 16, 2025 at 04:25:30 PM",128,torch.float16,Unknown (no config attribute),112.5,0.0,False,0.03585847813356623,39.620863318035845,True,False,False,0.0012229207555919856
16949970993152,0.9567561149597168,3.621185412725735e-05,saxony,16,False,Germany,131671.08589477077,128,0.005408815990220318,False,100.0,16384,0.951657772064209,True,0.9736590385437012,4 x NVIDIA A100-PCIE-40GB,1929379840,0.2,679.629275047999,8.669329368740225e-06,0.009576739261573182,pytorch,100.0,0.007292976667709006,1.0,True,0.003648258821696304,16949970993152,0530,2598756352,0,0.9073863029479982,128,100.0,latency_True_latency_0.2_latency_0.4_latency_False,TinyLlama/TinyLlama-1.1B-Chat-v1.0,128,1.0,30816.480930757967,0530,0.009638183347109683,9.742748022283818e-06,False,1354.075758761801,4.8,401.9136911100763,0.0014334062652869757,16384,34697.46004959486,615606272,1087688704,text_generation,0,0.008560133591877213,0.0014218632948686722,3.139950711797471,0.008800245436876247,818.6294312155283,0.007497355720103016,True,NO_SHARD,577.9940466025827,7.830881508028449e-06,128729636.25968817,pure_generative,1929379840,Linux-5.15.0-113-generic-x86_64-with-glibc2.31,0.0012942203874044935,0.96882963180542,0.003671665946081434,DistributedType.MULTI_GPU,0.0033524534991780063,0.0,0.12443126665708375,"3.10.14 (main, Apr  6 2024, 18:45:05) [GCC 9.4.0]",0.008195034333800422,0.4,34476.261341663456,4,0.0,0.0032609828918256246,0,0,128,112.5,31680.88357275449,112.5,5095.621386630228,112.5,857.5821279069777,1087688704,8.036565301194505,4,0.008144907071476304,AMD EPYC 7742 64-Core Processor,0.031130273793088747,9.968895228204855e-06,112.5,7.76821895140514e-09,"April 16, 2025 at 04:26:47 PM",128,torch.float16,Unknown (no config attribute),112.5,0.0,False,0.036575301637436324,40.76497109304182,True,False,False,0.0012593260426601775
16949970993152,0.9619402885437012,3.6900636552327595e-05,saxony,16,False,Germany,134518.29441671344,128,0.005522952923038248,False,100.0,16384,0.9506335258483887,True,0.9654650688171387,4 x NVIDIA A100-PCIE-40GB,1929379840,0.4,702.6922303337606,8.902554552307053e-06,0.009697301896351658,pytorch,100.0,0.007488500713018986,1.0,True,0.0037438909025248094,16949970993152,0531,2648666112,0,0.9248571395874023,128,100.0,latency_True_latency_0.4_latency_0.5_latency_False,TinyLlama/TinyLlama-1.1B-Chat-v1.0,128,1.0,31642.060474405116,0531,0.00982777504272164,1.0023446809910106e-05,False,581.5791307376992,5.5,391.4084593739708,0.001459007964476768,16384,35379.99015379791,615606272,1087688704,text_generation,0,0.00878946124289031,0.0014382459349999413,3.057878588859147,0.00905165471156791,700.4409431851797,0.007709817278958475,True,NO_SHARD,544.5638352722829,8.196384366919483e-06,126004950.23111165,pure_generative,1929379840,Linux-5.15.0-113-generic-x86_64-with-glibc2.31,0.0013329348780571312,0.9502716064453125,0.003348345260479064,DistributedType.MULTI_GPU,0.003694187157415164,0.0,0.1217975597374534,"3.10.14 (main, Apr  6 2024, 18:45:05) [GCC 9.4.0]",0.008358743631434962,0.5,34910.286826865966,4,0.0,0.0034482278623717954,0,0,128,112.5,32585.956961644475,112.5,5232.385634371894,112.5,632.3190348822307,1087688704,8.210345118207607,4,0.008249277710528524,AMD EPYC 7742 64-Core Processor,0.03180633933394095,9.778250823190956e-06,112.5,7.93619614281703e-09,"April 16, 2025 at 04:28:06 PM",128,torch.float16,Unknown (no config attribute),112.5,0.0,False,0.03736619289353152,41.859085074975155,True,False,False,0.001292764145504407
16949970993152,0.9614853858947754,3.683900303218384e-05,saxony,16,False,Germany,131713.96802490795,128,0.005413168871922608,False,100.0,16384,0.9580042362213135,True,0.9703502655029297,4 x NVIDIA A100-PCIE-40GB,1929379840,0.05,0.0,8.91979544005992e-06,0.009595089246107812,pytorch,100.0,0.0072793119345551105,1.0,True,0.003256713445432866,16949970993152,0532,2645934080,0,0.9228014945983887,128,100.0,latency_True_latency_0.05_latency_0.1_latency_True_latency_2.0_latency_5,TinyLlama/TinyLlama-1.1B-Chat-v1.0,128,1.0,30776.134410180646,0532,0.009633184668482862,9.793514911919864e-06,False,878.4057685955307,5.7,401.75199544107704,0.001428715986725365,16384,34679.4648065383,615606272,1087688704,text_generation,5,0.00854892622505018,0.0014237832691833322,3.1386874643834144,0.008810013200611354,531.0970769267469,0.007502035168291066,True,NO_SHARD,567.1464619925775,8.002911361379996e-06,128687725.7387512,pure_generative,1929379840,Linux-5.15.0-113-generic-x86_64-with-glibc2.31,0.0012990582368802282,0.9773797988891602,0.003655249248304771,DistributedType.MULTI_GPU,0.0036697616994585463,0.0,0.12439075555678104,"3.10.14 (main, Apr  6 2024, 18:45:05) [GCC 9.4.0]",0.008194675166845578,0.1,34542.321285988124,4,2.0,0.0033561745287728957,0,0,128,112.5,31716.047522200875,112.5,5097.6722536288435,112.5,494.16232687871377,1087688704,8.03918261870776,4,0.008161183195605659,AMD EPYC 7742 64-Core Processor,0.031137205465297413,1.0122781318824059e-05,112.5,7.77074887491678e-09,"April 16, 2025 at 04:29:22 PM",128,torch.float16,Unknown (no config attribute),112.5,0.0,True,0.03658721334025221,40.78137802903075,True,False,False,0.001261611379133683
16949970993152,0.9579691886901855,0.00011514337694070985,saxony,16,False,Germany,343904.5347127837,128,0.02029620950473327,False,100.0,16384,0.9589773416519165,True,0.9742398262023927,4 x NVIDIA A100-PCIE-40GB,1929379840,0.05,390.9119067500594,2.7135649190751517e-05,0.024747116021094664,pytorch,100.0,0.018033468037873313,1.0,True,0.008716743599843965,16949970993152,0533,2672799744,0,0.9330511093139648,128,100.0,latency_True_latency_0.05_latency_0.1_latency_True_latency_2.0_latency_8,TinyLlama/TinyLlama-1.1B-Chat-v1.0,128,1.0,82373.74185441206,0533,0.024570558541716605,3.186366223235882e-05,False,416.12629328931683,99.9,103.87465644004493,0.00522605748494243,16384,88454.01075017978,615606272,1087688704,text_generation,8,0.022881594959558906,0.00525784344980093,0.811520753437851,0.023329767897847513,282.9369702568521,0.018310829093096004,True,NO_SHARD,446.16202660242766,2.762150725645929e-05,49286849.349945284,pure_generative,1929379840,Linux-5.15.0-113-generic-x86_64-with-glibc2.31,0.004991803155560775,0.970649242401123,0.00888747508068501,DistributedType.MULTI_GPU,0.00936015427646694,0.0,0.04764112812203337,"3.10.14 (main, Apr  6 2024, 18:45:05) [GCC 9.4.0]",0.01931263739454181,0.1,89089.61767594078,4,2.0,0.009427413848236012,0,0,128,112.5,83987.16443225104,112.5,19716.070023125212,112.5,384.034299224664,1087688704,20.990267011278302,4,0.0194607500130326,AMD EPYC 7742 64-Core Processor,0.07511768453854373,2.852255826114024e-05,112.5,2.028938780200423e-08,"April 16, 2025 at 04:32:43 PM",128,torch.float16,Unknown (no config attribute),112.5,0.0,True,0.09552903742021769,157.7285601850017,True,False,False,0.004820505414429137
16949970993152,0.9760980606079102,6.648193859181513e-05,saxony,16,False,Germany,221306.00308343794,128,0.011235089891204551,False,100.0,16384,0.9587817192077637,True,0.9617156982421875,4 x NVIDIA A100-PCIE-40GB,1929379840,0.05,528.6032385377284,1.673849212207516e-05,0.015648595845829946,pytorch,100.0,0.012301262063227902,1.0,True,0.005961332587468918,16949970993152,0534,2667196416,0,0.9308137893676758,128,100.0,latency_True_latency_0.05_latency_0.1_latency_True_latency_2.0_latency_10,TinyLlama/TinyLlama-1.1B-Chat-v1.0,128,1.0,54132.495357886735,0534,0.015610934017807056,1.589871519986821e-05,False,549.4461930176312,99.9,185.81137262313732,0.002821950917483264,16384,56199.362464105405,615606272,1087688704,text_generation,10,0.015036804266079649,0.0028430236046551732,1.4516513486182603,0.015177555615682774,549.8463102454826,0.012310744570812382,True,NO_SHARD,599.4147247887628,1.549938653395171e-05,76590651.66326028,pure_generative,1929379840,Linux-5.15.0-113-generic-x86_64-with-glibc2.31,0.002850072552748315,0.9664993286132812,0.005946985314083598,DistributedType.MULTI_GPU,0.005781889811794353,0.0,0.07403323801308191,"3.10.14 (main, Apr  6 2024, 18:45:05) [GCC 9.4.0]",0.012773084385123923,0.1,56334.945044987806,4,2.0,0.005728270585163043,0,0,128,112.5,54639.20021645799,112.5,11021.930310766038,112.5,556.8276166474012,1087688704,13.507446477260617,4,0.012787226896438852,AMD EPYC 7742 64-Core Processor,0.05017231791560306,1.8345344735920045e-05,112.5,1.3056423705553734e-08,"April 16, 2025 at 04:35:12 PM",128,torch.float16,Unknown (no config attribute),112.5,0.0,True,0.061473889745399427,88.1754424861283,True,False,False,0.0027200428163177987
16949970993152,0.9773998260498046,5.608828049494976e-05,saxony,16,False,Germany,212036.9374669651,128,0.01041791394246866,False,100.0,16384,0.9528586864471436,True,0.9688396453857422,4 x NVIDIA A100-PCIE-40GB,1929379840,0.05,503.0814842647465,1.438426300406205e-05,0.014901323779534797,pytorch,100.0,0.011726724659149923,1.0,True,0.0054588533314954765,16949970993152,0535,2668765184,0,0.9314217567443848,128,100.0,latency_True_latency_0.05_latency_0.1_latency_True_latency_2.0_latency_20,TinyLlama/TinyLlama-1.1B-Chat-v1.0,128,1.0,51659.91696736269,0535,0.015318269026418025,1.444140329619054e-05,False,572.4119331566333,90.7,204.18165352152795,0.0027209253345845366,16384,55145.76849510489,615606272,1087688704,text_generation,20,0.014349976935378525,0.00258922499460641,1.595169168136937,0.014329579555047845,348.69841018167534,0.011816933342425173,True,NO_SHARD,580.4712819389375,1.3750612569508302e-05,79938765.3662597,pure_generative,1929379840,Linux-5.15.0-113-generic-x86_64-with-glibc2.31,0.0024982619496186098,0.9337735176086426,0.00546662371353245,DistributedType.MULTI_GPU,0.005676659293813781,0.0,0.07726955593551993,"3.10.14 (main, Apr  6 2024, 18:45:05) [GCC 9.4.0]",0.012582902288537312,0.1,53644.76560632527,4,2.0,0.005835494585613946,0,0,128,112.5,51586.486398172245,112.5,10030.284135122201,112.5,501.16577738549813,1087688704,12.941707609067693,4,0.0122985867833032,AMD EPYC 7742 64-Core Processor,0.04842514707341561,1.3512001625188864e-05,112.5,1.2509575240726409e-08,"April 16, 2025 at 04:37:30 PM",128,torch.float16,Unknown (no config attribute),112.5,0.0,True,0.05889914929637919,80.24227308097761,True,False,False,0.0026095016636591035
16949970993152,0.9739422798156738,5.490768247781514e-05,saxony,16,False,Germany,193125.86211773453,128,0.008996737508041405,False,100.0,16384,0.9587795734405518,True,0.9486265182495117,4 x NVIDIA A100-PCIE-40GB,1929379840,0.05,592.2085447137215,1.2847449635474087e-05,0.013678831626360237,pytorch,100.0,0.01071952329783521,1.0,True,0.005210950908061933,16949970993152,0536,2667544576,0,0.9308867454528809,128,100.0,latency_True_latency_0.05_latency_0.1_latency_True_latency_4.0_latency_5,TinyLlama/TinyLlama-1.1B-Chat-v1.0,128,1.0,46428.92005939057,0536,0.014109315527709011,1.472908297515691e-05,False,800.930164479368,71.8,233.67739544763108,0.002372788733970082,16384,50793.53589975244,615606272,1087688704,text_generation,5,0.012896922238719603,0.0022853000087161494,1.8256046519346179,0.01296100341769296,598.8491263451493,0.010774071397031015,True,NO_SHARD,521.0471773941958,1.2834746555685418e-05,87766448.30105074,pure_generative,1929379840,Linux-5.15.0-113-generic-x86_64-with-glibc2.31,0.0021740845710264693,0.9816627502441406,0.005374943750280748,DistributedType.MULTI_GPU,0.004937494251970134,0.0,0.08483586724398355,"3.10.14 (main, Apr  6 2024, 18:45:05) [GCC 9.4.0]",0.01172179771076376,0.1,49243.79385489685,4,4.0,0.004913082526840233,0,0,128,112.5,46659.61230369466,112.5,8764.21956037666,112.5,628.2587532331087,1087688704,11.787467170271883,4,0.011379035214332589,AMD EPYC 7742 64-Core Processor,0.04459442761996257,1.4496403311498725e-05,112.5,1.1393875670687566e-08,"April 16, 2025 at 04:39:31 PM",128,torch.float16,Unknown (no config attribute),112.5,0.0,True,0.05364607281048181,70.11375648301328,True,False,False,0.002164564194328705
16949970993152,0.9754700660705566,5.176001888062159e-05,saxony,16,False,Germany,185645.32112837065,128,0.008470475024523694,False,100.0,16384,0.9476945400238037,True,0.9577016830444337,4 x NVIDIA A100-PCIE-40GB,1929379840,0.05,648.5929338409863,1.2671358296632387e-05,0.01316315420312945,pytorch,100.0,0.010365786070400063,1.0,True,0.005014503593682164,16949970993152,0537,2624585728,0,0.9165315628051758,128,100.0,latency_True_latency_0.05_latency_0.1_latency_True_latency_4.0_latency_8,TinyLlama/TinyLlama-1.1B-Chat-v1.0,128,1.0,44693.79625560618,0537,0.013247815383190328,1.3698266951132923e-05,False,751.1712190716272,57.2,247.34276761289522,0.0021772588263156653,16384,47692.13537948518,615606272,1087688704,text_generation,8,0.012414943404335051,0.0021661546634659315,1.9323653719757439,0.012742231767225899,895.3699057202138,0.010639896567464113,True,NO_SHARD,440.96321113875337,1.1759640658043533e-05,91302979.73645873,pure_generative,1929379840,Linux-5.15.0-113-generic-x86_64-with-glibc2.31,0.002089663841465153,0.9410748481750488,0.004729472689881438,DistributedType.MULTI_GPU,0.005046755270226355,0.0,0.08825431150333564,"3.10.14 (main, Apr  6 2024, 18:45:05) [GCC 9.4.0]",0.011056858289923532,0.1,47387.35513126602,4,4.0,0.004854153191724706,0,0,128,112.5,45872.03436201323,112.5,8280.007617628144,112.5,684.0243174428952,1087688704,11.330891182151529,4,0.010983368786688708,AMD EPYC 7742 64-Core Processor,0.043045909714476416,1.3630752974812745e-05,112.5,1.0952545063550473e-08,"April 16, 2025 at 04:41:24 PM",128,torch.float16,Unknown (no config attribute),112.5,0.0,True,0.05156814475788073,66.24006094102515,True,False,False,0.002037397693276944
16949970993152,0.9698596000671387,4.6571732489228166e-05,saxony,16,False,Germany,168414.46620069415,128,0.007566599488374779,False,100.0,16384,0.9563523530960083,True,0.9622335433959961,4 x NVIDIA A100-PCIE-40GB,1929379840,0.05,705.0428243725947,1.1311466043077474e-05,0.011772283777019563,pytorch,100.0,0.00960238712635153,1.0,True,0.004452251035606174,16949970993152,0538,2623143936,0,0.9159078598022461,128,100.0,latency_True_latency_0.05_latency_0.1_latency_True_latency_4.0_latency_10,TinyLlama/TinyLlama-1.1B-Chat-v1.0,128,1.0,41306.034105575396,0538,0.0118483820135138,1.2257252502564442e-05,False,600.7683808584287,51.9,271.93610253177707,0.0019159223804090292,16384,42654.175248649684,615606272,1087688704,text_generation,10,0.011473898362659832,0.0019022369319700375,2.1245008010295083,0.011687232013666293,467.7606270661916,0.009787999774840905,True,NO_SHARD,717.9530235997834,1.099183309490251e-05,100644388.66524245,pure_generative,1929379840,Linux-5.15.0-113-generic-x86_64-with-glibc2.31,0.0018879207727823092,0.9774084091186523,0.004370981581255263,DistributedType.MULTI_GPU,0.004513641128048082,0.0,0.09728380447126027,"3.10.14 (main, Apr  6 2024, 18:45:05) [GCC 9.4.0]",0.009920202380602205,0.1,42380.22159727043,4,4.0,0.004484651504855603,0,0,128,112.5,42074.035249198656,112.5,7531.180968369881,112.5,622.8812139742496,1087688704,10.279203259319711,4,0.009858035664200848,AMD EPYC 7742 64-Core Processor,0.03916862494599549,1.2011180848683735e-05,112.5,9.935973711620846e-09,"April 16, 2025 at 04:43:06 PM",128,torch.float16,Unknown (no config attribute),112.5,0.0,True,0.04678179616685949,60.24944774695905,True,False,False,0.0018605194032134031
16949970993152,0.9726619720458984,4.148826295433632e-05,saxony,16,False,Germany,148948.33739058272,128,0.006754186126916465,False,100.0,16384,0.9543228149414062,True,0.9705591201782227,4 x NVIDIA A100-PCIE-40GB,1929379840,0.05,528.9881687641024,1.0040184318467795e-05,0.010707285356400609,pytorch,100.0,0.008284283849643082,1.0,True,0.0037893820956878418,16949970993152,0539,2648444928,0,0.9243664741516113,128,100.0,latency_True_latency_0.05_latency_0.1_latency_True_latency_4.0_latency_20,TinyLlama/TinyLlama-1.1B-Chat-v1.0,128,1.0,35669.44049323819,0539,0.010811884721742611,1.118006061318678e-05,False,533.2567732526572,46.2,312.8851948210387,0.0017687077133177803,16384,38922.7849982734,615606272,1087688704,text_generation,20,0.009908177914788386,0.0017480448899696054,2.4444155845393647,0.009947190171119153,471.4133804283528,0.0083142060958048,True,NO_SHARD,447.29817295372226,9.40443251210658e-06,113797651.5219811,pure_generative,1929379840,Linux-5.15.0-113-generic-x86_64-with-glibc2.31,0.0016229438909958847,0.9497036933898926,0.0040789403565208125,DistributedType.MULTI_GPU,0.004118787484747847,0.0,0.10999787098688274,"3.10.14 (main, Apr  6 2024, 18:45:05) [GCC 9.4.0]",0.009031996947811649,0.1,38546.22728304219,4,4.0,0.003774520376638636,0,0,128,112.5,35809.884616028954,112.5,6545.531824129284,112.5,495.2391238497087,1087688704,9.091085045811933,4,0.008948376880920428,AMD EPYC 7742 64-Core Processor,0.03457886377417996,1.0863585510575158e-05,112.5,8.787527568676059e-09,"April 16, 2025 at 04:44:40 PM",128,torch.float16,Unknown (no config attribute),112.5,0.0,True,0.04137453816405076,52.364254593034275,True,False,False,0.0016144896326331943
16949970993152,0.9582567214965821,4.646150269778217e-05,saxony,16,False,Germany,168709.8168378037,128,0.007218183161805428,False,100.0,16384,0.9577642679214478,True,0.9728522300720215,4 x NVIDIA A100-PCIE-40GB,1929379840,0.05,580.3845342345389,1.1488850918578545e-05,0.01205873279042913,pytorch,100.0,0.009444872555894435,1.0,True,0.004259098707990846,16949970993152,0540,2668834816,0,0.9307594299316406,128,100.0,latency_True_latency_0.05_latency_0.1_latency_True_latency_6.0_latency_5,TinyLlama/TinyLlama-1.1B-Chat-v1.0,128,1.0,40248.73434510315,0540,0.012141423612512706,1.2298716472100007e-05,False,798.3538279096476,42.3,293.1418082240333,0.0018733591914369752,16384,43709.12500504574,615606272,1087688704,text_generation,5,0.011180203984750874,0.0018523531733080749,2.29017037675026,0.011483477622808318,644.0365809034934,0.009704322485675654,True,NO_SHARD,420.20957549847463,1.0526918010146028e-05,100468196.28431919,pure_generative,1929379840,Linux-5.15.0-113-generic-x86_64-with-glibc2.31,0.0017676662862140802,0.9691886901855469,0.004374630800408829,DistributedType.MULTI_GPU,0.004593774256513977,0.0,0.09711349527307857,"3.10.14 (main, Apr  6 2024, 18:45:05) [GCC 9.4.0]",0.010255765704603625,0.1,43411.43804554486,4,6.0,0.004625275325186715,0,0,128,112.5,41340.519442109944,112.5,6986.3797743746545,112.5,610.7461296365386,1087688704,10.29723003160423,4,0.010194232599824105,AMD EPYC 7742 64-Core Processor,0.03959919334599782,1.2147017296957589e-05,112.5,9.953398557788953e-09,"April 16, 2025 at 04:46:16 PM",128,torch.float16,Unknown (no config attribute),112.5,0.0,True,0.04686383801050102,55.891038194997236,True,False,False,0.0017248045108462975
16949970993152,0.9741024971008302,5.158383643120771e-05,saxony,16,False,Germany,142140.51675005394,128,0.00832577093148393,False,100.0,16384,0.9560744762420654,True,0.9606442451477051,4 x NVIDIA A100-PCIE-40GB,1929379840,0.05,468.43857569507844,1.2817258521024572e-05,0.010328000123176737,pytorch,100.0,0.0077457892521799465,1.0,True,0.003934451646924178,16949970993152,0541,2646020096,0,0.9228343963623047,128,100.0,latency_True_latency_0.05_latency_0.1_latency_True_latency_6.0_latency_8,TinyLlama/TinyLlama-1.1B-Chat-v1.0,128,1.0,35380.74155999839,0541,0.009585078847850812,1.2578377503628531e-05,False,450.8232167695375,40.0,243.3362785953842,0.002024503876398739,16384,34506.283852262924,615606272,1087688704,text_generation,8,0.009827983766666219,0.0021769705108072223,1.901064676526439,0.009742414137321213,438.01747149944237,0.007675215029057547,True,NO_SHARD,589.0574510159012,1.2279819950946884e-05,119247990.51460862,pure_generative,1929379840,Linux-5.15.0-113-generic-x86_64-with-glibc2.31,0.0020543818497426405,0.9667167663574219,0.003651435787088767,DistributedType.MULTI_GPU,0.003743970415911496,0.0,0.11526621947498852,"3.10.14 (main, Apr  6 2024, 18:45:05) [GCC 9.4.0]",0.007547996593948447,0.1,37180.80044343625,4,6.0,0.003711372665612516,0,0,128,112.5,35072.69089435637,112.5,8416.33648637071,112.5,486.5841787449899,1087688704,8.675568649295284,4,0.008137121231913902,AMD EPYC 7742 64-Core Processor,0.031106122107099843,1.3908380455607727e-05,112.5,8.385885545614236e-09,"April 16, 2025 at 04:48:06 PM",128,torch.float16,Unknown (no config attribute),112.5,0.0,True,0.03948347687501498,67.33069189096568,True,False,False,0.002069914694535328
16949970993152,0.9653019905090332,3.785451579542327e-05,saxony,16,False,Germany,114200.2317360215,128,0.005984189572931427,False,100.0,16384,0.9529627561569214,True,0.973820686340332,4 x NVIDIA A100-PCIE-40GB,1929379840,0.05,470.01172702532693,9.85401453591929e-06,0.008428373984421568,pytorch,100.0,0.006139096855714676,1.0,True,0.0032107890693653966,16949970993152,0542,2645491712,0,0.9238343238830566,128,100.0,latency_True_latency_0.05_latency_0.1_latency_True_latency_6.0_latency_10,TinyLlama/TinyLlama-1.1B-Chat-v1.0,128,1.0,27272.484205252265,0542,0.007596276770843783,9.078884667640483e-06,False,388.86080226518305,33.1,353.61261299674885,0.0014338754635246005,16384,27346.596375037618,615606272,1087688704,text_generation,10,0.0075756900570145185,0.0015949866858136373,2.7625985390371004,0.008121945781059433,467.03294056937284,0.00658464998993491,True,NO_SHARD,442.5643059086763,8.707554295253944e-06,148423262.6806971,pure_generative,1929379840,Linux-5.15.0-113-generic-x86_64-with-glibc2.31,0.0015274417765886031,0.9488940238952638,0.002893801635852939,DistributedType.MULTI_GPU,0.003094055245294591,0.0,0.14346730957492526,"3.10.14 (main, Apr  6 2024, 18:45:05) [GCC 9.4.0]",0.0061533224226515415,0.1,30342.146343917644,4,6.0,0.002885959127219681,0,0,128,112.5,29239.004811813957,112.5,5791.648614125734,112.5,442.1174439421398,1087688704,6.970228987794281,4,0.0068231732363113196,AMD EPYC 7742 64-Core Processor,0.025700242504612447,1.0214062296609558e-05,112.5,6.73748832857353e-09,"April 16, 2025 at 04:49:32 PM",128,torch.float16,Unknown (no config attribute),112.5,0.0,True,0.031722286593339304,46.33318891300587,True,False,False,0.0014278856470045869
16949970993152,0.9738035202026367,3.670475325750622e-05,saxony,16,False,Germany,111804.63797848279,128,0.005706506100981642,False,100.0,16384,0.9628980159759521,True,0.9759407043457032,4 x NVIDIA A100-PCIE-40GB,1929379840,0.05,468.156821203026,9.557295492044987e-06,0.008160038449361803,pytorch,100.0,0.006147131584369525,1.0,True,0.0028721901760958377,16949970993152,0543,2671038464,0,0.9323000907897949,128,100.0,latency_True_latency_0.05_latency_0.1_latency_True_latency_6.0_latency_20,TinyLlama/TinyLlama-1.1B-Chat-v1.0,128,1.0,27142.36680389819,0543,0.00747582074911217,8.724071995241203e-06,False,478.3034037787451,34.8,365.6664920267325,0.0013689601319438226,16384,26912.954696803812,615606272,1087688704,text_generation,20,0.007539546334416163,0.0015035819120093948,2.8567694689588476,0.007881438350021749,368.8053970010467,0.0064219306930981546,True,NO_SHARD,523.2222472447882,8.401054449759236e-06,151603469.22650993,pure_generative,1929379840,Linux-5.15.0-113-generic-x86_64-with-glibc2.31,0.0014499503614315474,0.9695477485656738,0.0030024339394407852,DistributedType.MULTI_GPU,0.0028479139143742812,0.0,0.14654132687369517,"3.10.14 (main, Apr  6 2024, 18:45:05) [GCC 9.4.0]",0.006098136545173105,0.1,29376.13841770249,4,6.0,0.003108566647284379,0,0,128,112.5,28373.178060078295,112.5,5600.731936494412,112.5,459.6219673069015,1087688704,6.824013548491381,4,0.006646434206031948,AMD EPYC 7742 64-Core Processor,0.025313633028672733,1.00223313204608e-05,112.5,6.596155121660872e-09,"April 16, 2025 at 04:50:54 PM",128,torch.float16,Unknown (no config attribute),112.5,0.0,True,0.031056843882911883,44.8058554919553,True,False,False,0.001384013695596878
16949970993152,0.9688682556152344,3.8264361449045165e-05,saxony,16,False,Germany,114669.27110137595,128,0.005854133787470345,False,100.0,16384,0.9519685506820679,True,0.9685578346252441,4 x NVIDIA A100-PCIE-40GB,1929379840,0.1,513.29330449906,9.772197854254592e-06,0.008512517698231277,pytorch,100.0,0.006247559442487116,1.0,True,0.0029256778833912805,16949970993152,0544,2610864128,0,0.9114446640014648,128,100.0,latency_True_latency_0.1_latency_0.2_latency_True_latency_2.0_latency_5,TinyLlama/TinyLlama-1.1B-Chat-v1.0,128,1.0,27584.10346564981,0544,0.007679952443604884,9.172518649200347e-06,False,452.0318291859957,28.4,359.57502382808025,0.0014090663044753456,16384,27647.82879697758,615606272,1087688704,text_generation,5,0.007662250962680503,0.0015705047519386417,2.809179873656877,0.007997854201421102,465.3321998774759,0.006519486604476654,True,NO_SHARD,457.16226111650553,8.724188227221818e-06,147816157.112981,pure_generative,1929379840,Linux-5.15.0-113-generic-x86_64-with-glibc2.31,0.0014685953990901913,0.9590034484863281,0.0029189345042331376,DistributedType.MULTI_GPU,0.0032428436171412054,0.0,0.14288047567264428,"3.10.14 (main, Apr  6 2024, 18:45:05) [GCC 9.4.0]",0.006261713620480336,0.2,30645.063713632597,4,2.0,0.003046782558031369,0,0,128,112.5,28792.275125115968,112.5,5695.6124988792,112.5,471.9548986697593,1087688704,6.998856878746092,4,0.006931417489574265,AMD EPYC 7742 64-Core Processor,0.02596017715701837,1.0595456718368404e-05,112.5,6.765160314888077e-09,"April 16, 2025 at 04:52:30 PM",128,torch.float16,Unknown (no config attribute),112.5,0.0,True,0.03185257530593776,45.5648999910336,True,False,False,0.001405967331966167
16949970993152,0.9771137237548828,3.842916169707329e-05,saxony,16,False,Germany,115635.59385222357,128,0.005905164577568939,False,100.0,16384,0.9575797319412231,True,0.9669957160949708,4 x NVIDIA A100-PCIE-40GB,1929379840,0.1,531.3866247736179,9.829712814753097e-06,0.008574805485366255,pytorch,100.0,0.006293646423801036,1.0,True,0.0030545261190583354,16949970993152,0545,2626908160,0,0.9166288375854492,128,100.0,latency_True_latency_0.1_latency_0.2_latency_True_latency_2.0_latency_8,TinyLlama/TinyLlama-1.1B-Chat-v1.0,128,1.0,27781.969107577304,0545,0.007810797989763892,9.290163389951094e-06,False,424.06238307279443,31.8,356.9622125396916,0.0014341202324667402,16384,28118.87276315001,615606272,1087688704,text_generation,8,0.007717213640993695,0.0015843614318127941,2.788767285466341,0.008018181176160481,537.7972524339651,0.0065365146736526825,True,NO_SHARD,474.5848156980945,8.721093596300113e-06,146580913.6139622,pure_generative,1929379840,Linux-5.15.0-113-generic-x86_64-with-glibc2.31,0.0014718367896930432,0.9695806503295898,0.0029398725365365483,DistributedType.MULTI_GPU,0.003266572149650275,0.0,0.14168647778933813,"3.10.14 (main, Apr  6 2024, 18:45:05) [GCC 9.4.0]",0.006367387593907203,0.2,30869.29974731852,4,2.0,0.0029755234942005545,0,0,128,112.5,28865.452234177734,112.5,5737.301955377916,112.5,491.957768994618,1087688704,7.057836538832006,4,0.006979855861657391,AMD EPYC 7742 64-Core Processor,0.026177404553018313,1.0588191896068986e-05,112.5,6.822170604241257e-09,"April 16, 2025 at 04:53:54 PM",128,torch.float16,Unknown (no config attribute),112.5,0.0,True,0.032120998292284327,45.89841564302333,True,False,False,0.0014148461235963619
16949970993152,0.9691400527954102,3.6416489296702464e-05,saxony,16,False,Germany,110968.8181013612,128,0.005621319238665819,False,100.0,16384,0.9595116376876831,True,0.9689497947692871,4 x NVIDIA A100-PCIE-40GB,1929379840,0.1,0.0,9.46165190440549e-06,0.00823948074188278,pytorch,100.0,0.006120789618847766,1.0,True,0.003138830188620245,16949970993152,0546,2645250048,0,0.9230833053588867,128,100.0,latency_True_latency_0.1_latency_0.2_latency_True_latency_2.0_latency_10,TinyLlama/TinyLlama-1.1B-Chat-v1.0,128,1.0,26963.782699898362,0546,0.007343813454827651,8.501366620262053e-06,False,441.95004582920757,32.6,368.1152808134916,0.0013367042337704335,16384,26437.72843737954,615606272,1087688704,text_generation,10,0.007489939638860656,0.001514822625182205,2.875900631355403,0.007751437859251469,633.8630317474044,0.006332979510821346,True,NO_SHARD,521.3761236005241,8.354336825432422e-06,152745350.29894206,pure_generative,1929379840,Linux-5.15.0-113-generic-x86_64-with-glibc2.31,0.001408996696525719,0.9768733978271484,0.0027976257356165934,DistributedType.MULTI_GPU,0.0029529102524818475,0.0,0.1476450797649707,"3.10.14 (main, Apr  6 2024, 18:45:05) [GCC 9.4.0]",0.005998607854436955,0.2,29662.130670778006,4,2.0,0.0028532925054239673,0,0,128,112.5,27905.17629330529,112.5,5563.474560127361,112.5,399.297300294284,1087688704,6.7729991516944095,4,0.006714558982753971,AMD EPYC 7742 64-Core Processor,0.025166935966860038,1.0099133946602502e-05,112.5,6.546844130069248e-09,"April 16, 2025 at 04:55:16 PM",128,torch.float16,Unknown (no config attribute),112.5,0.0,True,0.030824671694822555,44.507796481018886,True,False,False,0.0013607956831874616
16949970993152,0.9567160606384278,3.671014258790708e-05,saxony,16,False,Germany,111146.83202217883,128,0.005631243309779165,False,100.0,16384,0.951874852180481,True,0.9571995735168457,4 x NVIDIA A100-PCIE-40GB,1929379840,0.1,0.0,9.470813590179374e-06,0.008169423336596154,pytorch,100.0,0.006165848266003415,1.0,True,0.003112141820076305,16949970993152,0547,2667696128,0,0.9306035041809082,128,100.0,latency_True_latency_0.1_latency_0.2_latency_True_latency_2.0_latency_20,TinyLlama/TinyLlama-1.1B-Chat-v1.0,128,1.0,27178.339774861503,0547,0.007361600568143402,8.630423133508861e-06,False,496.3992427619658,27.6,368.13175289153094,0.0013395183898119284,16384,26501.76204531625,615606272,1087688704,text_generation,20,0.0075495388263504175,0.0014927467598445218,2.8760293194650854,0.007793557275070813,411.76415811393906,0.006360225365949823,True,NO_SHARD,441.00569718339466,8.573495755094809e-06,152500711.7591054,pure_generative,1929379840,Linux-5.15.0-113-generic-x86_64-with-glibc2.31,0.0014238610955308103,0.9629802703857422,0.0028759968158981915,DistributedType.MULTI_GPU,0.0028044017364342293,0.0,0.1474086098714055,"3.10.14 (main, Apr  6 2024, 18:45:05) [GCC 9.4.0]",0.006013451755197963,0.2,29409.924011746156,4,2.0,0.002968955643938226,0,0,128,112.5,28056.806190254927,112.5,5563.22562211426,112.5,337.2922745148249,1087688704,6.783864259166188,4,0.006666641166642506,AMD EPYC 7742 64-Core Processor,0.025206166553793707,1.003541010912403e-05,112.5,6.557346444255482e-09,"April 16, 2025 at 04:56:36 PM",128,torch.float16,Unknown (no config attribute),112.5,0.0,True,0.030874120006160785,44.50580497691408,True,False,False,0.0013751170645919044
16949970993152,0.977043628692627,4.094431541532331e-05,saxony,16,False,Germany,120769.28294730306,128,0.00624213385881194,False,100.0,16384,0.9636433124542236,True,0.9766888618469237,4 x NVIDIA A100-PCIE-40GB,1929379840,0.1,510.527983618836,1.0453825269491687e-05,0.008952517097747761,pytorch,100.0,0.006566723586709067,1.0,True,0.0034104613883870097,16949970993152,0548,2644668416,0,0.9228529930114746,128,100.0,latency_True_latency_0.1_latency_0.2_latency_True_latency_4.0_latency_5,TinyLlama/TinyLlama-1.1B-Chat-v1.0,128,1.0,29065.870278205177,0548,0.008022907593684863,9.799325312860775e-06,False,540.4065280791953,32.6,336.8436573480647,0.0014877449925315889,16384,28882.467337265505,615606272,1087688704,text_generation,5,0.008073852855056993,0.0016736423986567393,2.6315910730317555,0.0084977454944279,464.3014515900993,0.006904286356755662,True,NO_SHARD,590.0600265904903,9.388113127061838e-06,140350017.649339,pure_generative,1929379840,Linux-5.15.0-113-generic-x86_64-with-glibc2.31,0.0015830053124027484,0.9779877662658691,0.003075734245133962,DistributedType.MULTI_GPU,0.0030563266478142487,0.0,0.13566363565434977,"3.10.14 (main, Apr  6 2024, 18:45:05) [GCC 9.4.0]",0.006525363275840412,0.2,32229.06155189194,4,4.0,0.003237216146102309,0,0,128,112.5,30591.883779940443,112.5,6079.971984996519,112.5,526.3239974696552,1087688704,7.371172054889103,4,0.007267571647385118,AMD EPYC 7742 64-Core Processor,0.02726394486669026,1.1303051705909008e-05,112.5,7.12504363553751e-09,"April 16, 2025 at 04:58:05 PM",128,torch.float16,Unknown (no config attribute),112.5,0.0,True,0.03354702304091752,48.63977587997215,True,False,False,0.0014977411552208647
16949970993152,0.9720969200134277,4.014102635091084e-05,saxony,16,False,Germany,118456.342779097,128,0.00607326525717508,False,100.0,16384,0.9617840051651001,True,0.9738779067993165,4 x NVIDIA A100-PCIE-40GB,1929379840,0.1,569.2971508149869,1.0222576640384076e-05,0.0087198937514629,pytorch,100.0,0.006401576232368811,1.0,True,0.0031455965910792303,16949970993152,0549,2669383680,0,0.9312701225280762,128,100.0,latency_True_latency_0.1_latency_0.2_latency_True_latency_4.0_latency_8,TinyLlama/TinyLlama-1.1B-Chat-v1.0,128,1.0,28292.432561911122,0549,0.008068394205072466,9.81557963544017e-06,False,428.9433093009775,27.3,349.3508450885678,0.0014908075378916692,16384,29046.219138260876,615606272,1087688704,text_generation,8,0.007859009044975312,0.001612476828559011,2.729303477254436,0.0082572426593496,530.8595824052956,0.006725332046927157,True,NO_SHARD,482.41899006831216,9.139957664166321e-06,143090446.6193179,pure_generative,1929379840,Linux-5.15.0-113-generic-x86_64-with-glibc2.31,0.0015216880357820626,0.9698910713195801,0.0033218435246197917,DistributedType.MULTI_GPU,0.002993889495683345,0.0,0.13831255984792354,"3.10.14 (main, Apr  6 2024, 18:45:05) [GCC 9.4.0]",0.00656777108754536,0.2,31391.61750526644,4,4.0,0.003073654772422356,0,0,128,112.5,29726.073573658563,112.5,5862.30154812074,112.5,502.8797581473931,1087688704,7.230001390325745,4,0.00709645401049297,AMD EPYC 7742 64-Core Processor,0.026791133377334297,1.0962912410920273e-05,112.5,6.9885867549245275e-09,"April 16, 2025 at 04:59:30 PM",128,torch.float16,Unknown (no config attribute),112.5,0.0,True,0.03290453966086028,46.89841238496592,True,False,False,0.0014482928549423382
16949970993152,0.9708108901977539,3.666670857955753e-05,saxony,16,False,Germany,111302.39334251873,128,0.005597840938105946,False,100.0,16384,0.9584205150604248,True,0.9700412750244141,4 x NVIDIA A100-PCIE-40GB,1929379840,0.1,2993.3954564257524,9.57899085066425e-06,0.008216584714418228,pytorch,100.0,0.006097397100134572,1.0,True,0.0031301079469576243,16949970993152,0550,2623385600,0,0.9153141975402832,128,100.0,latency_True_latency_0.1_latency_0.2_latency_True_latency_4.0_latency_10,TinyLlama/TinyLlama-1.1B-Chat-v1.0,128,1.0,26805.066459567483,0550,0.007437745239594914,8.753330977298119e-06,False,334.0731039091072,19.1,381.94202496824266,0.0013456906530936973,16384,26775.88286254169,615606272,1087688704,text_generation,10,0.007445851794324301,0.0014978565199471631,2.983922070064396,0.007817149735695536,569.5235624724763,0.006393455670314019,True,NO_SHARD,614.6094039102725,8.276003655499438e-06,152287569.78289455,pure_generative,1929379840,Linux-5.15.0-113-generic-x86_64-with-glibc2.31,0.001414115074530855,0.9775156974792482,0.0028364972410478426,DistributedType.MULTI_GPU,0.002977943191813215,0.0,0.14720258484990847,"3.10.14 (main, Apr  6 2024, 18:45:05) [GCC 9.4.0]",0.006083301255523921,0.2,29579.704971905623,4,4.0,0.0028334090490236825,0,0,128,112.5,28141.739048503932,112.5,5362.070330360439,112.5,1127.9003816794022,1087688704,6.793358968659589,4,0.006708669811374968,AMD EPYC 7742 64-Core Processor,0.02528282383734748,1.0058383096095726e-05,112.5,6.566524118978509e-09,"April 16, 2025 at 05:00:50 PM",128,torch.float16,Unknown (no config attribute),112.5,0.0,True,0.03091733148403298,42.89656264288351,True,False,False,0.0013401786905342305
16949970993152,0.9687352180480957,3.5833722543128336e-05,saxony,16,False,Germany,110480.21075234839,128,0.0054637557794121674,False,100.0,16384,0.9620761871337891,True,0.966496467590332,4 x NVIDIA A100-PCIE-40GB,1929379840,0.1,24.38939050683473,9.173641119418502e-06,0.008089710849745557,pytorch,100.0,0.006164839098535602,1.0,True,0.00308177534821057,16949970993152,0551,2669469696,0,0.9315376281738281,128,100.0,latency_True_latency_0.1_latency_0.2_latency_True_latency_4.0_latency_20,TinyLlama/TinyLlama-1.1B-Chat-v1.0,128,1.0,26989.783084559975,0551,0.007369617378532773,8.580016171684406e-06,False,445.6205696124962,17.2,382.7420093108449,0.0013019844595655744,16384,26530.62256271798,615606272,1087688704,text_generation,20,0.007497161967933326,0.0014439715924399934,2.9901719477409756,0.007732457234996228,587.4307957580536,0.0063295781192147516,True,NO_SHARD,1456.8686377711729,8.228616653179942e-06,153420878.5240909,pure_generative,1929379840,Linux-5.15.0-113-generic-x86_64-with-glibc2.31,0.001393705474662056,0.9815354347229004,0.0028560438516842005,DistributedType.MULTI_GPU,0.0029456795836718132,0.0,0.1482980516458848,"3.10.14 (main, Apr  6 2024, 18:45:05) [GCC 9.4.0]",0.006059052902795514,0.2,29122.959059084005,4,4.0,0.00280745574035206,0,0,128,112.5,27836.84604598642,112.5,5350.862853250874,112.5,628.5773484121394,1087688704,6.743176925802515,4,0.00663588780870672,AMD EPYC 7742 64-Core Processor,0.025189357929252587,9.851448598845483e-06,112.5,6.518017688465884e-09,"April 16, 2025 at 05:02:09 PM",128,torch.float16,Unknown (no config attribute),112.5,0.0,True,0.030688947431207887,42.80690282600699,True,False,False,0.0013240942527445437
16949970993152,0.980966091156006,4.072126853239288e-05,saxony,16,False,Germany,121809.59269556224,128,0.006085286478923081,False,100.0,16384,0.9558413028717041,True,0.9692630767822266,4 x NVIDIA A100-PCIE-40GB,1929379840,0.1,530.0861458026595,1.0434428326312658e-05,0.008924870092940402,pytorch,100.0,0.006700747027258203,1.0,True,0.003399929261905646,16949970993152,0552,2623098880,0,0.9148106575012207,128,100.0,latency_True_latency_0.1_latency_0.2_latency_True_latency_6.0_latency_5,TinyLlama/TinyLlama-1.1B-Chat-v1.0,128,1.0,29441.352007396967,0552,0.008104410260350053,9.943171366099758e-06,False,478.30093948675386,16.2,344.13157264843136,0.0014541953878779176,16384,29175.876937260193,615606272,1087688704,text_generation,5,0.008178153335388046,0.0016125305429286526,2.68852791131587,0.00862856428231101,530.069913646893,0.007067704265271146,True,NO_SHARD,534.5313828180366,9.2713487268864e-06,139151364.17469952,pure_generative,1929379840,Linux-5.15.0-113-generic-x86_64-with-glibc2.31,0.001550425588713551,0.9583253860473634,0.003087375088680353,DistributedType.MULTI_GPU,0.0031154675131160763,0.0,0.1345050060297665,"3.10.14 (main, Apr  6 2024, 18:45:05) [GCC 9.4.0]",0.0066402717011060375,0.2,32129.532334585445,4,6.0,0.003287051563346379,0,0,128,112.5,31062.831416319634,112.5,5951.212160623982,112.5,518.2470954385858,1087688704,7.434667522922499,4,0.007301267229898656,AMD EPYC 7742 64-Core Processor,0.027709990223534042,1.1072320113094064e-05,112.5,7.186418946957186e-09,"April 16, 2025 at 05:03:40 PM",128,torch.float16,Unknown (no config attribute),112.5,0.0,True,0.033835997970989504,47.60969728499185,True,False,False,0.00146813495940296
16949970993152,0.9657626152038574,4.066525393455235e-05,saxony,16,False,Germany,121254.50015566945,128,0.0060128501866965976,False,100.0,16384,0.9613251686096191,True,0.969052791595459,4 x NVIDIA A100-PCIE-40GB,1929379840,0.1,515.9968271231446,1.0401052918938589e-05,0.008864331495938694,pytorch,100.0,0.006725645380510237,1.0,True,0.003376867083377846,16949970993152,0553,2695475200,0,0.9409418106079102,128,100.0,latency_True_latency_0.1_latency_0.2_latency_True_latency_6.0_latency_8,TinyLlama/TinyLlama-1.1B-Chat-v1.0,128,1.0,29495.15682612653,0553,0.00809229034931672,9.763352256523514e-06,False,527.0793795505937,15.0,346.15550077543475,0.001444810298004086,16384,29132.24525754019,615606272,1087688704,text_generation,8,0.00819309911836848,0.001589142082066246,2.704339849808084,0.008532084635173177,620.7370483619521,0.007000748100594478,True,NO_SHARD,551.7372745339917,9.491412891743249e-06,139788386.999173,pure_generative,1929379840,Linux-5.15.0-113-generic-x86_64-with-glibc2.31,0.0015209354816597626,0.96954345703125,0.0031211611091424727,DistributedType.MULTI_GPU,0.0030827580085722047,0.0,0.13512075823137143,"3.10.14 (main, Apr  6 2024, 18:45:05) [GCC 9.4.0]",0.0066377166990561065,0.2,31911.5933853793,4,6.0,0.0032502976417692216,0,0,128,112.5,30715.504686623437,112.5,5916.416163869144,112.5,553.8876323924205,1087688704,7.400787363016934,4,0.007264179978005103,AMD EPYC 7742 64-Core Processor,0.027628290158165925,1.1009435867347002e-05,112.5,7.153670068500871e-09,"April 16, 2025 at 05:05:04 PM",128,torch.float16,Unknown (no config attribute),112.5,0.0,True,0.03368180559879708,47.33132931095315,True,False,False,0.0014579623249665026
16949970993152,0.9770021438598633,3.502907091384606e-05,saxony,16,False,Germany,110171.89633278115,128,0.0052959427481127945,False,100.0,16384,0.9586998224258423,True,0.9813838005065917,4 x NVIDIA A100-PCIE-40GB,1929379840,0.1,194976.92359107375,9.224454856233357e-06,0.008217785814120053,pytorch,100.0,0.006059534847624448,1.0,True,0.0031305655058890343,16949970993152,0554,2598158336,0,0.9068727493286134,128,100.0,latency_True_latency_0.1_latency_0.2_latency_True_latency_6.0_latency_10,TinyLlama/TinyLlama-1.1B-Chat-v1.0,128,1.0,26369.72325915953,0554,0.007334782511255282,8.414171265937316e-06,False,0.0,11.0,402.280943557852,0.0012582962633114223,16384,26405.217040519015,615606272,1087688704,text_generation,10,0.007324923127544314,0.0014525656051864646,3.142819871545719,0.007725813083964004,572.4875120840597,0.006389279833643791,True,NO_SHARD,523.2393077710491,7.616195768934092e-06,153850224.57953838,pure_generative,1929379840,Linux-5.15.0-113-generic-x86_64-with-glibc2.31,0.001327308795463978,0.9695405960083008,0.0027904294654380064,DistributedType.MULTI_GPU,0.0027941853976627,0.0,0.14871306154621408,"3.10.14 (main, Apr  6 2024, 18:45:05) [GCC 9.4.0]",0.006068072076677922,0.2,29584.028930832188,4,6.0,0.0029431484943360873,0,0,128,112.5,27812.927102270412,112.5,5090.96946498903,112.5,49018.16260273221,1087688704,6.7243589070300995,4,0.006755445959910844,AMD EPYC 7742 64-Core Processor,0.025272332717857005,9.774249022741287e-06,112.5,6.499828016065159e-09,"April 16, 2025 at 05:06:21 PM",128,torch.float16,Unknown (no config attribute),112.5,0.0,True,0.03060330453688365,40.72775571991224,True,False,False,0.0012577720841509296
16949970993152,0.9421033859252931,3.3535857220177244e-05,saxony,16,False,Germany,110321.40315261096,128,0.005221322206529294,False,100.0,16384,0.9490928649902344,True,0.977816104888916,4 x NVIDIA A100-PCIE-40GB,1929379840,0.1,563.0177434282023,8.814448707218089e-06,0.008209060485988753,pytorch,100.0,0.006103686549614906,1.0,True,0.0031272415921374157,16949970993152,0555,2597158912,0,0.9064607620239258,128,100.0,latency_True_latency_0.1_latency_0.2_latency_True_latency_6.0_latency_20,TinyLlama/TinyLlama-1.1B-Chat-v1.0,128,1.0,26500.063271687453,0555,0.007349153301915346,7.763150034736329e-06,False,423.4468121688413,11.0,404.9193832314221,0.0012466527760934694,16384,26456.951886895244,615606272,1087688704,text_generation,20,0.007361128686579848,0.0014095812551258862,3.163432681495485,0.00772549173457465,535.0480579192902,0.006401528732332906,True,NO_SHARD,563.2740436187823,7.502515189531166e-06,153641727.79514587,pure_generative,1929379840,Linux-5.15.0-113-generic-x86_64-with-glibc2.31,0.0013151485535345276,0.9699912071228027,0.002799659950364651,DistributedType.MULTI_GPU,0.002943026076286213,0.0,0.14851152661043943,"3.10.14 (main, Apr  6 2024, 18:45:05) [GCC 9.4.0]",0.00609473737578714,0.2,29552.61774955951,4,6.0,0.002804221973152593,0,0,128,112.5,27811.770244468742,112.5,5057.796896893706,112.5,521.196664283779,1087688704,6.7334840791388535,4,0.006790023487574182,AMD EPYC 7742 64-Core Processor,0.025389976145309134,9.455743288691662e-06,112.5,6.508648492506694e-09,"April 16, 2025 at 05:07:38 PM",128,torch.float16,Unknown (no config attribute),112.5,0.0,True,0.0306448342090586,40.462375175149646,True,False,False,0.0012499396217754111
16949970993152,0.9732799530029297,3.683500312650926e-05,saxony,16,False,Germany,116000.43242760682,128,0.005599349402302323,False,100.0,16384,0.9562722444534302,True,0.9696049690246582,4 x NVIDIA A100-PCIE-40GB,1929379840,0.2,525.9280306885386,9.404985216897953e-06,0.00853532035137962,pytorch,100.0,0.006432558201596272,1.0,True,0.0032515302878580667,16949970993152,0556,2625449984,0,0.9164228439331055,128,100.0,latency_True_latency_0.2_latency_0.4_latency_True_latency_2.0_latency_5,TinyLlama/TinyLlama-1.1B-Chat-v1.0,128,1.0,28044.11151052528,0556,0.007792557403694642,8.915754155089093e-06,False,521.8781437486625,11.1,374.5814396604958,0.0013501551138670037,16384,28053.206653300713,615606272,1087688704,text_generation,5,0.007790030975145911,0.001494706336781746,2.9264174973476234,0.00810443361078172,569.4092655691607,0.006689625907252861,True,NO_SHARD,563.1381861352046,8.387540208029286e-06,146119894.88685814,pure_generative,1929379840,Linux-5.15.0-113-generic-x86_64-with-glibc2.31,0.001405402718311962,0.9657812118530273,0.002968574742937474,DistributedType.MULTI_GPU,0.0030873839840272962,0.0,0.14124085278927623,"3.10.14 (main, Apr  6 2024, 18:45:05) [GCC 9.4.0]",0.00643348653567255,0.4,30727.153264966633,4,2.0,0.002967612299981835,0,0,128,112.5,29175.960998814193,112.5,5467.435871505586,112.5,545.0884065353916,1087688704,7.080104518286549,4,0.007030487291051379,AMD EPYC 7742 64-Core Processor,0.026586157935573063,1.0126723546492927e-05,112.5,6.843695040804049e-09,"April 16, 2025 at 05:08:57 PM",128,torch.float16,Unknown (no config attribute),112.5,0.0,True,0.032222342341001894,43.73948697204469,True,False,False,0.0013490852333416113
16949970993152,0.9702486991882324,3.820265983754776e-05,saxony,16,False,Germany,117469.68534984044,128,0.005663000060605555,False,100.0,16384,0.9599200487136841,True,0.9819717407226562,4 x NVIDIA A100-PCIE-40GB,1929379840,0.2,1617.4037945533557,1.0076439108884356e-05,0.008670195073533957,pytorch,100.0,0.006448480436560544,1.0,True,0.003302910813262761,16949970993152,0557,2644725760,0,0.9228959083557129,128,100.0,latency_True_latency_0.2_latency_0.4_latency_True_latency_2.0_latency_8,TinyLlama/TinyLlama-1.1B-Chat-v1.0,128,1.0,28105.17695735177,0557,0.007797540966775735,9.000652593080888e-06,False,0.0,9.6,374.565537924962,0.001347067661006804,16384,28071.147480392647,615606272,1087688704,text_generation,8,0.00780699359926438,0.001512541178819447,2.9262932650387654,0.00835573851315938,527.1438492612474,0.0068922610693604724,True,NO_SHARD,575.0055405421089,8.522946614553359e-06,144292299.26574433,pure_generative,1929379840,Linux-5.15.0-113-generic-x86_64-with-glibc2.31,0.001453401004690022,0.9645638465881348,0.0031831185865880654,DistributedType.MULTI_GPU,0.0029740742116397658,0.0,0.13947428182178453,"3.10.14 (main, Apr  6 2024, 18:45:05) [GCC 9.4.0]",0.00644147265317585,0.4,31212.702264722244,4,2.0,0.0029704732312932163,0,0,128,112.5,30080.658647373766,112.5,5467.6679850090295,112.5,679.8882960891781,1087688704,7.169780599965847,4,0.007147051273193483,AMD EPYC 7742 64-Core Processor,0.02692926543229035,1.0602621521029154e-05,112.5,6.9303767774764725e-09,"April 16, 2025 at 05:10:17 PM",128,torch.float16,Unknown (no config attribute),112.5,0.0,True,0.032630468152733454,43.741343880072236,True,False,False,0.0013499902160892811
16949970993152,0.9612307548522949,3.539733231073129e-05,saxony,16,False,Germany,111296.4093789286,128,0.005281128126973272,False,99.0,16384,0.9603749513626099,True,0.9774584770202637,4 x NVIDIA A100-PCIE-40GB,1929379840,0.2,860.6546587963123,9.222393678351505e-06,0.008247342586044865,pytorch,100.0,0.006281948081110933,1.0,True,0.0031418251581537913,16949970993152,0558,2647617536,0,0.9245123863220215,128,100.0,latency_True_latency_0.2_latency_0.4_latency_True_latency_2.0_latency_10,TinyLlama/TinyLlama-1.1B-Chat-v1.0,128,1.0,27284.624503728708,0558,0.007288192450692068,8.247555550411976e-06,False,0.0,4.8,392.56462096096016,0.0012374328389123544,16384,26237.492822491444,615606272,1087688704,text_generation,10,0.007579062362146864,0.001421353038185771,3.066911101257501,0.007801071873040817,467.6266924827328,0.0064586443335805654,True,NO_SHARD,542.5577466502118,7.977176942687897e-06,152295757.67752564,pure_generative,1929379840,Linux-5.15.0-113-generic-x86_64-with-glibc2.31,0.0013332051457819035,0.9782981872558593,0.0027764369140911432,DistributedType.MULTI_GPU,0.0029718183300348994,0.0,0.14721049934520108,"3.10.14 (main, Apr  6 2024, 18:45:05) [GCC 9.4.0]",0.006042512056229299,0.4,29690.433309761513,4,2.0,0.002887243806859848,0,0,128,112.5,28083.85874294694,112.5,5216.975475239451,112.5,467.70977448231423,1087688704,6.792993736506872,4,0.006816039341719815,AMD EPYC 7742 64-Core Processor,0.025599143812640612,9.950206139279913e-06,112.5,6.566171082174344e-09,"April 16, 2025 at 05:11:34 PM",128,torch.float16,Unknown (no config attribute),112.5,0.0,True,0.030915669271924615,41.73580380191561,True,False,False,0.0012891371040932426
16949970993152,0.9750523567199707,3.4656703571549364e-05,saxony,16,False,Germany,112183.57478310462,128,0.005284750062039166,False,100.0,16384,0.9479870796203613,True,0.9691329002380371,4 x NVIDIA A100-PCIE-40GB,1929379840,0.2,472.58586354533634,9.007952931886163e-06,0.008331881510744613,pytorch,100.0,0.006178915498684212,1.0,True,0.002842563413674785,16949970993152,0559,2505437184,0,0.8744688034057617,128,100.0,latency_True_latency_0.2_latency_0.4_latency_True_latency_2.0_latency_20,TinyLlama/TinyLlama-1.1B-Chat-v1.0,128,1.0,26786.591891514574,0559,0.007461775596993792,8.414668783400451e-06,False,522.4802616613018,5.1,403.4721974111862,0.0012583281944116608,16384,26862.392149177653,615606272,1087688704,text_generation,20,0.00744071996986516,0.0014281040656896954,3.152126542274892,0.007927727028814386,676.0231441269924,0.00657483609319609,True,NO_SHARD,674.9099285718933,7.369651929548189e-06,151091378.80409876,pure_generative,1929379840,Linux-5.15.0-113-generic-x86_64-with-glibc2.31,0.0013438829826864095,0.9732942581176758,0.0030200676116268403,DistributedType.MULTI_GPU,0.0031740302615181604,0.0,0.14604633549676746,"3.10.14 (main, Apr  6 2024, 18:45:05) [GCC 9.4.0]",0.006195032733798733,0.4,29994.773438680604,4,2.0,0.0028345422725201326,0,0,128,112.5,28539.817303731787,112.5,5075.938350004435,112.5,586.499799476381,1087688704,6.847142015570351,4,0.006893913015128206,AMD EPYC 7742 64-Core Processor,0.02584269734080724,9.86442992671456e-06,112.5,6.618511313584441e-09,"April 16, 2025 at 05:12:50 PM",128,torch.float16,Unknown (no config attribute),112.5,0.0,True,0.031162104106417947,40.60750680003548,True,False,False,0.0012544348192514007
16949970993152,0.9767532348632812,3.8595970641411985e-05,saxony,16,False,Germany,119899.63821044269,128,0.005765432642248925,False,99.0,16384,0.9589337110519409,True,0.9624409675598145,4 x NVIDIA A100-PCIE-40GB,1929379840,0.2,471.26808487607076,9.758775176936684e-06,0.008924723062604735,pytorch,100.0,0.0066220925198914316,1.0,True,0.0031824141869797895,16949970993152,0560,2645999616,0,0.923276424407959,128,100.0,latency_True_latency_0.2_latency_0.4_latency_True_latency_4.0_latency_5,TinyLlama/TinyLlama-1.1B-Chat-v1.0,128,1.0,28841.19731857418,0560,0.008015398843616604,9.26642886841449e-06,False,521.7962741122626,5.0,366.8639786428863,0.0013799285026798317,16384,28855.435837019773,615606272,1087688704,text_generation,5,0.008011443699603939,0.0015568895537180652,2.8661248331475493,0.008353889452631026,572.7340844764504,0.006896053850171668,True,NO_SHARD,603.3424771237761,8.813421143898289e-06,141367991.14774758,pure_generative,1929379840,Linux-5.15.0-113-generic-x86_64-with-glibc2.31,0.0014480768272824211,0.973264217376709,0.0033998732506992737,DistributedType.MULTI_GPU,0.003051959477364121,2.0,0.1366476183292856,"3.10.14 (main, Apr  6 2024, 18:45:05) [GCC 9.4.0]",0.0066262039120683625,0.4,32129.003025377046,4,4.0,0.0030534661894757453,0,0,128,112.5,30074.002029471696,112.5,5582.450497255195,112.5,542.28523014714,1087688704,7.31809315249284,4,0.007357076163434506,AMD EPYC 7742 64-Core Processor,0.02750142644556597,1.075734545216252e-05,112.5,7.0737370735845884e-09,"April 16, 2025 at 05:14:11 PM",128,torch.float16,Unknown (no config attribute),112.5,0.0,True,0.03330545505845631,44.65960397804156,True,False,False,0.0013805377585686075
16949970993152,0.9774899482727052,3.8729966065108763e-05,saxony,16,False,Germany,119840.4369601343,128,0.00579352639080571,False,100.0,16384,0.9582477807998657,True,0.960270881652832,4 x NVIDIA A100-PCIE-40GB,1929379840,0.2,529.6821747963651,9.838842205206592e-06,0.008791314900958993,pytorch,100.0,0.006670652003184507,1.0,True,0.0033490514115203283,16949970993152,0561,2672394240,0,0.9331483840942383,128,100.0,latency_True_latency_0.2_latency_0.4_latency_True_latency_4.0_latency_8,TinyLlama/TinyLlama-1.1B-Chat-v1.0,128,1.0,29103.568855946953,0561,0.007987544558198634,9.437627271978544e-06,False,487.19288615953474,6.1,360.0735300310862,0.0013875694362777721,16384,28755.160409515083,615606272,1087688704,text_generation,8,0.008084324682207487,0.00153557328412353,2.813074453367861,0.00842582612533886,516.2204907793147,0.006950301115792534,True,NO_SHARD,499.2726770636713,8.975175959687996e-06,141437827.0231985,pure_generative,1929379840,Linux-5.15.0-113-generic-x86_64-with-glibc2.31,0.0014656861673411187,0.9620819091796875,0.00304285509944577,DistributedType.MULTI_GPU,0.003209818462447839,0.0,0.1367151223376317,"3.10.14 (main, Apr  6 2024, 18:45:05) [GCC 9.4.0]",0.006590537494648885,0.4,31648.733643452375,4,4.0,0.0030797234876869424,0,0,128,112.5,30332.974051219895,112.5,5687.727170123253,112.5,508.09205719972147,1087688704,7.314479794930072,4,0.007245263296207227,AMD EPYC 7742 64-Core Processor,0.027456753909833154,1.047832062823563e-05,112.5,7.0702443684742195e-09,"April 16, 2025 at 05:15:33 PM",128,torch.float16,Unknown (no config attribute),112.5,0.0,True,0.03328901026670397,45.501817360986024,True,False,False,0.0014046975030632895
16949970993152,0.969536304473877,3.444097151348081e-05,saxony,16,False,Germany,111791.06002944092,128,0.005274325385673365,False,100.0,16384,0.957592248916626,True,0.9674806594848633,4 x NVIDIA A100-PCIE-40GB,1929379840,0.2,562.4204770184766,8.91150261348306e-06,0.00834389753653868,pytorch,100.0,0.006169117713069383,1.0,True,0.00317860776654441,16949970993152,0562,2646065152,0,0.9230818748474121,128,100.0,latency_True_latency_0.2_latency_0.4_latency_True_latency_4.0_latency_10,TinyLlama/TinyLlama-1.1B-Chat-v1.0,128,1.0,26755.366142774605,0562,0.007433227359339014,8.081708664224527e-06,False,495.6253997176891,6.3,403.12799642634684,0.00125509738130495,16384,26759.61849362045,615606272,1087688704,text_generation,10,0.0074320461507707235,0.001431808200524756,3.1494374720808347,0.007843901183751842,579.6742715762107,0.0065027043688283825,True,NO_SHARD,575.4801627364477,7.793946167658795e-06,151621882.72200042,pure_generative,1929379840,Linux-5.15.0-113-generic-x86_64-with-glibc2.31,0.0013322853123099777,0.9702701568603516,0.002831237981136107,DistributedType.MULTI_GPU,0.0028316879625401976,0.0,0.14655912553011988,"3.10.14 (main, Apr  6 2024, 18:45:05) [GCC 9.4.0]",0.006170048269369843,0.4,30038.031131539246,4,4.0,0.0029881341559502643,0,0,128,112.5,28238.04426150663,112.5,5080.272315877664,112.5,553.300077762206,1087688704,6.823184816250056,4,0.0069024355219458045,AMD EPYC 7742 64-Core Processor,0.025744305873213413,9.653814068114426e-06,112.5,6.59535406134948e-09,"April 16, 2025 at 05:16:52 PM",128,torch.float16,Unknown (no config attribute),112.5,0.0,True,0.031053072230400255,40.642178527021315,True,False,False,0.0012551344915336811
16949970993152,0.9652004241943359,3.6189037159036104e-05,saxony,16,False,Germany,111442.23963010585,128,0.005436749362397677,False,100.0,16384,0.9588267803192139,True,0.9768490791320801,4 x NVIDIA A100-PCIE-40GB,1929379840,0.2,362.3708337793512,9.258242081163472e-06,0.008261433186086036,pytorch,100.0,0.006148762696788879,1.0,True,0.0028239638428198665,16949970993152,0563,2627915776,0,0.9165945053100586,128,100.0,latency_True_latency_0.2_latency_0.4_latency_True_latency_4.0_latency_20,TinyLlama/TinyLlama-1.1B-Chat-v1.0,128,1.0,26860.150292626804,0563,0.007412951418348514,8.565726077844523e-06,False,614.5800678225584,6.5,398.8745579640683,0.0012972519176782955,16384,26686.62510605465,615606272,1087688704,text_generation,20,0.007461152859063001,0.0014645733976540213,3.1162074840942835,0.00782064021153185,1206.478673443507,0.006440473763487553,True,NO_SHARD,645.0227206159401,8.374321171895241e-06,152096467.6357151,pure_generative,1929379840,Linux-5.15.0-113-generic-x86_64-with-glibc2.31,0.0013709082059631327,0.976663112640381,0.0031471929722394756,DistributedType.MULTI_GPU,0.0028423261816600503,0.0,0.14701786373264794,"3.10.14 (main, Apr  6 2024, 18:45:05) [GCC 9.4.0]",0.006107133774592377,0.4,29741.15946990973,4,4.0,0.002979272888583058,0,0,128,112.5,28154.304761514657,112.5,5134.446304255107,112.5,707.1130739153391,1087688704,6.801894508673453,4,0.006786869040603882,AMD EPYC 7742 64-Core Processor,0.02548323927547269,9.990747828132865e-06,112.5,6.574774651539516e-09,"April 16, 2025 at 05:18:09 PM",128,torch.float16,Unknown (no config attribute),112.5,0.0,True,0.030956177675029402,41.075570434040856,True,False,False,0.0013040158411022275
16949970993152,0.9576029777526855,4.2535835098673866e-05,saxony,16,False,Germany,125331.66493085813,128,0.006247153548209099,False,100.0,16384,0.959097146987915,True,0.9697265625,4 x NVIDIA A100-PCIE-40GB,1929379840,0.2,553.4437313168083,1.0859193700405895e-05,0.009319002906166374,pytorch,100.0,0.006858892431552022,1.0,True,0.0035500741571040805,16949970993152,0564,2670317568,0,0.9314131736755371,128,100.0,latency_True_latency_0.2_latency_0.4_latency_True_latency_6.0_latency_5,TinyLlama/TinyLlama-1.1B-Chat-v1.0,128,1.0,30125.520275786927,0564,0.008294606884763423,1.0065064649338684e-05,False,464.2416304664522,97.4,337.1139425111086,0.001479070542407499,16384,29860.584785148323,615606272,1087688704,text_generation,5,0.00836820007660748,0.0016814932362685798,2.6337026758680357,0.008832541502145533,338.2634892562917,0.007234497454258637,True,NO_SHARD,589.3159089884883,9.902729708928154e-06,135240930.55416453,pure_generative,1929379840,Linux-5.15.0-113-generic-x86_64-with-glibc2.31,0.001587184854186489,0.9776458740234375,0.0033647566852423407,DistributedType.MULTI_GPU,0.0031878658191836196,0.0,0.1307251444320841,"3.10.14 (main, Apr  6 2024, 18:45:05) [GCC 9.4.0]",0.006805471277706587,0.4,33548.410462198946,4,6.0,0.003159830492750626,0,0,128,112.5,31797.14940772392,112.5,6075.09729424055,112.5,486.31619000701016,1087688704,7.649637752127572,4,0.007625800822857798,AMD EPYC 7742 64-Core Processor,0.028524661986375044,1.1708847040001128e-05,112.5,7.394211174844705e-09,"April 16, 2025 at 05:19:35 PM",128,torch.float16,Unknown (no config attribute),112.5,0.0,True,0.03481435136968281,48.6007783539244,True,False,False,0.0014994049153465305
16949970993152,0.9503431320190431,4.625961755672043e-05,saxony,16,False,Germany,128040.55579918258,128,0.00677945261156492,False,100.0,16384,0.9501628875732422,True,0.9654221534729004,4 x NVIDIA A100-PCIE-40GB,1929379840,0.2,455.82712832013664,1.1363518597523453e-05,0.009511364551822133,pytorch,100.0,0.006987111423018888,1.0,True,0.0032952325702573205,16949970993152,0565,2620133376,0,0.9146862030029297,128,100.0,latency_True_latency_0.2_latency_0.4_latency_True_latency_6.0_latency_8,TinyLlama/TinyLlama-1.1B-Chat-v1.0,128,1.0,31140.14241482177,0565,0.008541334717365914,1.0902645539632149e-05,False,490.2851208260325,97.5,305.8465394275811,0.0016247676584098373,16384,30748.804982517293,615606272,1087688704,text_generation,8,0.008650039559672714,0.0018139656242874482,2.3894260892779773,0.00886408222646773,508.4477282235157,0.007163764897677005,True,NO_SHARD,338.21580121548845,1.11626179793839e-05,132379704.90956125,pure_generative,1929379840,Linux-5.15.0-113-generic-x86_64-with-glibc2.31,0.0016889538101931968,0.9702000617980958,0.0036233543260166417,DistributedType.MULTI_GPU,0.003253821460580545,0.0,0.12795945704653522,"3.10.14 (main, Apr  6 2024, 18:45:05) [GCC 9.4.0]",0.006905664413416446,0.4,34240.91238655968,4,6.0,0.003376772124172882,0,0,128,112.5,31910.69601528383,112.5,6696.168620488606,112.5,448.1939446462933,1087688704,7.814975329539953,4,0.007684568092094501,AMD EPYC 7742 64-Core Processor,0.02874110882620684,1.2830835440180925e-05,112.5,7.554028018744844e-09,"April 16, 2025 at 05:21:17 PM",128,torch.float16,Unknown (no config attribute),112.5,0.0,True,0.03556682105532849,53.56934896390885,True,False,False,0.0016517655186744377
16949970993152,0.961007595062256,4.0030460202891306e-05,saxony,16,False,Germany,114471.95708073767,128,0.005911415551849131,False,100.0,16384,0.9549962282180786,True,0.9680070877075195,4 x NVIDIA A100-PCIE-40GB,1929379840,0.2,482.8518488690573,1.032183673716345e-05,0.008413660138684541,pytorch,100.0,0.006268599737097702,1.0,True,0.0029532576441125046,16949970993152,0566,2668077056,0,0.9309654235839844,128,100.0,latency_True_latency_0.2_latency_0.4_latency_True_latency_6.0_latency_10,TinyLlama/TinyLlama-1.1B-Chat-v1.0,128,1.0,27746.99843653056,0566,0.007752349767981374,9.679142120723703e-06,False,404.80419650619945,96.2,352.76841514988786,0.001435706691405357,16384,27908.459164732947,615606272,1087688704,text_generation,10,0.007707499565702934,0.0015726180781312,2.756003243358499,0.007924256383391616,716.468901583907,0.006440307374465881,True,NO_SHARD,597.953419834308,9.436218481229486e-06,148070946.15493554,pure_generative,1929379840,Linux-5.15.0-113-generic-x86_64-with-glibc2.31,0.0014736271721885715,0.9600048065185547,0.0030187454692530364,DistributedType.MULTI_GPU,0.003205183829831876,0.0,0.1431267571361978,"3.10.14 (main, Apr  6 2024, 18:45:05) [GCC 9.4.0]",0.00630696393445529,0.4,30289.176499264348,4,6.0,0.0029361719595545326,0,0,128,112.5,28527.322980209818,112.5,5805.508407349407,112.5,550.519591698368,1087688704,6.986813786666119,4,0.00683044879768957,AMD EPYC 7742 64-Core Processor,0.025846319843708443,1.0593262863774667e-05,112.5,6.753519349796278e-09,"April 16, 2025 at 05:22:42 PM",128,torch.float16,Unknown (no config attribute),112.5,0.0,True,0.03179776585576047,46.44406725879526,True,False,False,0.0014294636101240034
16949970993152,0.9698395729064941,4.635288836984321e-05,saxony,16,False,Germany,130855.56622901007,128,0.007150874687360555,False,100.0,16384,0.9633961915969849,True,0.978024959564209,4 x NVIDIA A100-PCIE-40GB,1929379840,0.2,564.7858482111036,1.1752845007834863e-05,0.009452670140515002,pytorch,100.0,0.007141938491326272,1.0,True,0.00360099469002919,16949970993152,0567,2669199360,0,0.9311714172363281,128,100.0,latency_True_latency_0.2_latency_0.4_latency_True_latency_6.0_latency_20,TinyLlama/TinyLlama-1.1B-Chat-v1.0,128,1.0,32054.654827626746,0567,0.00894633377840989,1.1647903938011029e-05,False,529.4593240073503,97.3,287.2810074413272,0.001761614302684393,16384,32206.801602275602,615606272,1087688704,text_generation,20,0.008904070785451874,0.0018596654518787544,2.2443828706353686,0.009045693692570479,473.1793494110733,0.007255726637909632,True,NO_SHARD,473.31378167939954,1.0751570981209465e-05,129531906.67860386,pure_generative,1929379840,Linux-5.15.0-113-generic-x86_64-with-glibc2.31,0.0017782142096530145,0.9745488166809082,0.0034081058528852475,DistributedType.MULTI_GPU,0.003445957012184724,0.0,0.1252067487242109,"3.10.14 (main, Apr  6 2024, 18:45:05) [GCC 9.4.0]",0.0071730715717874816,0.4,34029.612505854006,4,6.0,0.0033920057657178915,0,0,128,112.5,32564.497293253724,112.5,7128.90844487265,112.5,510.1845758272317,1087688704,7.986789930969852,4,0.007580804120193463,AMD EPYC 7742 64-Core Processor,0.029151540821216848,1.2200568442787853e-05,112.5,7.720105614450747e-09,"April 16, 2025 at 05:24:17 PM",128,torch.float16,Unknown (no config attribute),112.5,0.0,True,0.03634876839694724,57.0312675589812,True,False,False,0.0017513807231443938
16949970993152,0.9723186492919923,5.082900126916389e-05,saxony,16,False,Germany,167001.32699537498,128,0.007761249580167714,False,100.0,16384,0.9624320268630981,True,0.9747004508972168,4 x NVIDIA A100-PCIE-40GB,1929379840,0.4,621.8265049925573,1.25923864668184e-05,0.012012078811399223,pytorch,100.0,0.009348660812257492,1.0,True,0.004282955690290296,16949970993152,0568,2669883392,0,0.9323301315307617,128,100.0,latency_True_latency_0.4_latency_0.5_latency_True_latency_2.0_latency_5,TinyLlama/TinyLlama-1.1B-Chat-v1.0,128,1.0,40474.184236894784,0568,0.011791006470873423,1.3117310776141097e-05,False,594.1219345670901,98.7,266.65394312481914,0.001974023261454931,16384,42447.62329514432,615606272,1087688704,text_generation,5,0.011242828954692995,0.002010191940185905,2.0832339306626495,0.011343343261749638,610.4738089841827,0.00943602727103876,True,NO_SHARD,673.8942633174103,1.1857368152692461e-05,101496025.79877357,pure_generative,1929379840,Linux-5.15.0-113-generic-x86_64-with-glibc2.31,0.0018947236042440637,0.970378875732422,0.00449178391507923,DistributedType.MULTI_GPU,0.004576001423202534,0.0,0.0981070048650197,"3.10.14 (main, Apr  6 2024, 18:45:05) [GCC 9.4.0]",0.00980386589864235,0.5,43243.4837210372,4,2.0,0.004321246615563525,0,0,128,112.5,40836.0357422987,112.5,7680.366455490002,112.5,625.07912796531,1087688704,10.192952087120055,4,0.009988624935339807,AMD EPYC 7742 64-Core Processor,0.03857717891727841,1.3261935873511929e-05,112.5,9.852602524384591e-09,"April 16, 2025 at 05:25:57 PM",128,torch.float16,Unknown (no config attribute),112.5,0.0,True,0.04638925749871528,61.44293164392002,True,False,False,0.0018823107742828142
16949970993152,0.9784984588623047,4.9398545747356734e-05,saxony,16,False,Germany,169405.47266231908,128,0.007409470793030779,False,100.0,16384,0.9603427648544312,True,0.9696049690246582,4 x NVIDIA A100-PCIE-40GB,1929379840,0.4,695.6536194058878,1.228452656391594e-05,0.01199312139774648,pytorch,100.0,0.009374401943958333,1.0,True,0.004684744606775271,16949970993152,0569,2646372352,0,0.9228200912475586,128,100.0,latency_True_latency_0.4_latency_0.5_latency_True_latency_2.0_latency_8,TinyLlama/TinyLlama-1.1B-Chat-v1.0,128,1.0,40106.42445565303,0569,0.012297531452356663,1.3032827946167483e-05,False,438.42775844888445,99.3,287.10773997370234,0.001944674519227192,16384,44271.113228483984,615606272,1087688704,text_generation,8,0.01114067345990362,0.0018850863810894233,2.2430292185445495,0.011625749429526313,712.2246546627904,0.009788752553214763,True,NO_SHARD,616.1759370823534,1.1273972978767353e-05,100055628.23191005,pure_generative,1929379840,Linux-5.15.0-113-generic-x86_64-with-glibc2.31,0.0018247123497476426,0.9704475402832031,0.004568779596471522,DistributedType.MULTI_GPU,0.004244039554550285,0.0,0.09671470314692082,"3.10.14 (main, Apr  6 2024, 18:45:05) [GCC 9.4.0]",0.010339824105183304,0.5,43175.23703188733,4,2.0,0.004428829245178049,0,0,128,112.5,41852.69794629473,112.5,7133.210690131818,112.5,615.620492399979,1087688704,10.339689493549749,4,0.010095227798398554,AMD EPYC 7742 64-Core Processor,0.039598206400754954,1.2807218258505957e-05,112.5,9.994440269588721e-09,"April 16, 2025 at 05:27:39 PM",128,torch.float16,Unknown (no config attribute),112.5,0.0,True,0.047057075739533084,57.06568552105455,True,False,False,0.001754997542966521
16949970993152,0.9780964851379395,5.147984146784645e-05,saxony,16,False,Germany,130069.10497556186,128,0.008097202766462943,False,100.0,16384,0.9562243223190308,True,0.9663720130920411,4 x NVIDIA A100-PCIE-40GB,1929379840,0.4,273.9818929857885,1.2939739296104893e-05,0.009270339387321311,pytorch,99.0,0.006938054161548912,1.0,True,0.0034085169210922037,16949970993152,0570,2646802432,0,0.9230403900146484,128,84.0,latency_True_latency_0.4_latency_0.5_latency_True_latency_2.0_latency_10,TinyLlama/TinyLlama-1.1B-Chat-v1.0,128,1.0,32210.686221110205,0570,0.008867604431952177,1.2944463256804272e-05,False,256.1703371431989,99.6,249.70988474231245,0.0019690066824005047,16384,31923.375955027837,615606272,1087688704,text_generation,10,0.00894741283919728,0.0020993030428126075,1.950858474549316,0.009044950279185308,247.25042862853476,0.007000191155704272,True,NO_SHARD,253.00266176723179,1.2285020583473502e-05,130315119.7691155,pure_generative,1929379840,Linux-5.15.0-113-generic-x86_64-with-glibc2.31,0.0020318193841849276,0.9573884010314941,0.003378113908352182,DistributedType.MULTI_GPU,0.0035315357896000535,0.0,0.1259638098000161,"3.10.14 (main, Apr  6 2024, 18:45:05) [GCC 9.4.0]",0.006885653286294868,0.5,33373.22179435672,4,2.0,0.0034456738088556433,0,0,128,112.5,32561.821005067108,112.5,8201.517541499925,112.5,257.6013301311885,1087688704,7.9387881454810705,4,0.007157725726177233,AMD EPYC 7742 64-Core Processor,0.027981624329725285,1.3310618331463783e-05,112.5,7.673706641038583e-09,"April 16, 2025 at 05:29:27 PM",128,torch.float16,Unknown (no config attribute),112.5,0.0,True,0.03613030693765607,65.6121403319994,True,False,False,0.0019970736570649023
16949970993152,0.934394359588623,4.655923858799018e-05,saxony,16,False,Germany,81846.58886059176,128,0.00678812744676361,False,100.0,16384,0.951790452003479,True,0.9733686447143556,4 x NVIDIA A100-PCIE-40GB,1929379840,0.4,306.45985289162115,1.2038968825552475e-05,0.005665823651809015,pytorch,100.0,0.003990266803322484,1.0,True,0.0021594955650793913,16949970993152,0571,2669428736,0,0.9316749572753906,128,100.0,latency_True_latency_0.4_latency_0.5_latency_True_latency_2.0_latency_20,TinyLlama/TinyLlama-1.1B-Chat-v1.0,128,1.0,20706.460209852874,0571,0.005648834130061726,1.140914421431449e-05,False,293.3328186695229,97.4,292.3980725158373,0.001675906261079945,16384,20335.802868222214,615606272,1087688704,text_generation,20,0.00575179450273691,0.0016808703995629907,2.284359941529979,0.005668711287778951,295.0586655432152,0.003975401513651278,True,NO_SHARD,322.14250330178965,1.1447718595871474e-05,207094409.5424999,pure_generative,1929379840,Linux-5.15.0-113-generic-x86_64-with-glibc2.31,0.0016812708053021196,0.9677238464355469,0.0021583955201566443,DistributedType.MULTI_GPU,0.0021519233618470146,0.0,0.20017938716916667,"3.10.14 (main, Apr  6 2024, 18:45:05) [GCC 9.4.0]",0.0039615187247674655,0.5,20396.965146512455,4,2.0,0.0021911461158176256,0,0,128,112.5,20407.36063600422,112.5,7004.150138127443,112.5,304.2484601015372,1087688704,4.995519339635727,4,0.00397328984529377,AMD EPYC 7742 64-Core Processor,0.015900476887034998,1.1663406952251738e-05,112.5,4.8287155708796675e-09,"April 16, 2025 at 05:31:00 PM",128,torch.float16,Unknown (no config attribute),112.5,0.0,True,0.0227351635723866,56.03320110501954,True,False,False,0.0017500799808185552
16949970993152,0.9657025337219239,5.263921639572639e-05,saxony,16,False,Germany,106428.31790834454,128,0.007942656836983588,False,100.0,16384,0.9644447565078735,True,0.9816098213195801,4 x NVIDIA A100-PCIE-40GB,1929379840,0.4,382.3576309959894,1.383740156543805e-05,0.007079429342383163,pytorch,100.0,0.005529352201257609,1.0,True,0.002882603823606442,16949970993152,0572,2671136768,0,0.9325060844421387,128,100.0,latency_True_latency_0.4_latency_0.5_latency_True_latency_4.0_latency_5,TinyLlama/TinyLlama-1.1B-Chat-v1.0,128,1.0,27240.776387933296,0572,0.007139987028358069,1.296166366679187e-05,False,294.9385719032371,97.4,247.5118930172661,0.001933078431758986,16384,25703.95330208905,615606272,1087688704,text_generation,5,0.0075668823299814714,0.0019161065733751454,1.9336866641973913,0.0077771229404841125,1596.5934095210278,0.005694192333129067,True,NO_SHARD,308.35144608815403,1.3151502664013737e-05,159261851.79163706,pure_generative,1929379840,Linux-5.15.0-113-generic-x86_64-with-glibc2.31,0.002069093205789614,0.9779605865478517,0.002962694984177423,DistributedType.MULTI_GPU,0.002696908607980866,0.0,0.15394399086632005,"3.10.14 (main, Apr  6 2024, 18:45:05) [GCC 9.4.0]",0.005193946932932292,0.5,25485.945632579387,4,4.0,0.0027199780584530064,0,0,128,112.5,27997.642585742804,112.5,8274.349870764127,112.5,645.560264627102,1087688704,6.495869012960483,4,0.005150634120508535,AMD EPYC 7742 64-Core Processor,0.021568125587827502,1.2688648499482736e-05,112.5,6.278967554065014e-09,"April 16, 2025 at 05:32:43 PM",128,torch.float16,Unknown (no config attribute),112.5,0.0,True,0.02956342164120682,66.19479896611301,True,False,False,0.0020243786260598427
16949970993152,0.9701013565063477,5.2636811150776344e-05,saxony,16,False,Germany,123838.59817665849,128,0.008145640054648538,False,100.0,16384,0.9553502798080444,True,0.9765043258666992,4 x NVIDIA A100-PCIE-40GB,1929379840,0.4,296.05717840987353,1.400270251547515e-05,0.008495029428793975,pytorch,100.0,0.006421999859818506,1.0,True,0.003425497682733546,16949970993152,0573,2625667072,0,0.9169092178344728,128,100.0,latency_True_latency_0.4_latency_0.5_latency_True_latency_4.0_latency_8,TinyLlama/TinyLlama-1.1B-Chat-v1.0,128,1.0,30337.392641230213,0573,0.008485540047282383,1.3209132443722466e-05,False,443.51077414044084,97.8,251.76014245126765,0.0020059601861903502,16384,30547.94417021658,615606272,1087688704,text_generation,8,0.008427053511452837,0.0020081966673096757,1.9668761129005286,0.008991987617098164,417.89024026879804,0.006839180749118157,True,NO_SHARD,377.90756516371357,1.237461595035565e-05,136871470.14513594,pure_generative,1929379840,Linux-5.15.0-113-generic-x86_64-with-glibc2.31,0.0021388041654645347,0.9578862190246582,0.003210286035187958,DistributedType.MULTI_GPU,0.0032325664810122236,0.0,0.13230123920353057,"3.10.14 (main, Apr  6 2024, 18:45:05) [GCC 9.4.0]",0.006466370728648307,0.5,30582.105943658313,4,4.0,0.003236181460899065,0,0,128,112.5,32371.15542155339,112.5,8134.726887503348,112.5,383.8414394957065,1087688704,7.558508189493316,4,0.006473782401243078,AMD EPYC 7742 64-Core Processor,0.026201333738828048,1.305036024122308e-05,112.5,7.306124489929265e-09,"April 16, 2025 at 05:34:33 PM",128,torch.float16,Unknown (no config attribute),112.5,0.0,True,0.03439961060462736,65.07781510002678,True,False,False,0.0019926790356839773
16949970993152,0.9766902923583984,4.7762905741047465e-05,saxony,16,False,Germany,112539.51947950212,128,0.007188019951750902,False,100.0,16384,0.9612178802490234,True,0.9659528732299805,4 x NVIDIA A100-PCIE-40GB,1929379840,0.4,392.1025643101755,1.2628789036777649e-05,0.007713491049284696,pytorch,100.0,0.005898372496472959,1.0,True,0.0031220467550037035,16949970993152,0574,2670174208,0,0.9324531555175781,128,100.0,latency_True_latency_0.4_latency_0.5_latency_True_latency_4.0_latency_10,TinyLlama/TinyLlama-1.1B-Chat-v1.0,128,1.0,27615.629042442324,0574,0.007681054563280819,1.1955823171724556e-05,False,273.83096727341496,99.3,285.6753735985809,0.0017641537383769903,16384,27651.79642781095,615606272,1087688704,text_generation,10,0.00767100806734509,0.0017737786147117732,2.2318388562389133,0.008195423953284429,262.7530463651642,0.006294081146373642,True,NO_SHARD,248.5082642740195,1.1261990083997417e-05,150613500.67554942,pure_generative,1929379840,Linux-5.15.0-113-generic-x86_64-with-glibc2.31,0.001888714017874008,0.9697751998901367,0.002922270523255112,DistributedType.MULTI_GPU,0.002926097735881828,0.0,0.14558441404207498,"3.10.14 (main, Apr  6 2024, 18:45:05) [GCC 9.4.0]",0.005904945001732109,0.5,27768.567777424905,4,4.0,0.002938454415225005,0,0,128,112.5,29503.526231823944,112.5,7168.976360131637,112.5,294.29871055569356,1087688704,6.868867155731331,4,0.005927796131124374,AMD EPYC 7742 64-Core Processor,0.024025194775703085,1.1916303448547844e-05,112.5,6.6395110366247524e-09,"April 16, 2025 at 05:36:14 PM",128,torch.float16,Unknown (no config attribute),112.5,0.0,True,0.03126097763319503,57.3518108810531,True,False,False,0.0017613735807881317
16949970993152,0.9613165855407715,4.688440342835933e-05,saxony,16,False,Germany,111078.10021898084,128,0.007063488328354651,False,100.0,16384,0.9562947750091553,True,0.9737734794616699,4 x NVIDIA A100-PCIE-40GB,1929379840,0.4,313.68551832219526,1.25629844878632e-05,0.007547932827306257,pytorch,100.0,0.005573296403078132,1.0,True,0.0027720687612962864,16949970993152,0575,2647134208,0,0.924407958984375,128,100.0,latency_True_latency_0.4_latency_0.5_latency_True_latency_4.0_latency_20,TinyLlama/TinyLlama-1.1B-Chat-v1.0,128,1.0,26196.21352058441,0575,0.007877823555224315,1.1940453170882453e-05,False,537.1988685647319,99.7,302.89318209022827,0.0017921085208145093,16384,28360.164798807535,615606272,1087688704,text_generation,20,0.007276725977940114,0.0017202420149715178,2.3663529850799083,0.008152545478135105,397.08959479077015,0.006281453080713817,True,NO_SHARD,464.68443053455525,1.0821195226781005e-05,152595074.63430327,pure_generative,1929379840,Linux-5.15.0-113-generic-x86_64-with-glibc2.31,0.0018585294129334212,0.9656810760498047,0.0028753850105623186,DistributedType.MULTI_GPU,0.003001056883362703,0.0,0.1474998219063917,"3.10.14 (main, Apr  6 2024, 18:45:05) [GCC 9.4.0]",0.006073774581238922,0.5,27172.558178302523,4,4.0,0.0031057121998955685,0,0,128,112.5,29349.16372128638,112.5,6761.459554378234,112.5,428.16460305306316,1087688704,6.7796692028186545,4,0.005816131041791905,AMD EPYC 7742 64-Core Processor,0.023744655106822776,1.1559770542832669e-05,112.5,6.553291463676119e-09,"April 16, 2025 at 05:38:00 PM",128,torch.float16,Unknown (no config attribute),112.5,0.0,True,0.03085502783860579,54.091676435025875,True,False,False,0.001692608379635203
16949970993152,0.9703016281127931,5.275475992664816e-05,saxony,16,False,Germany,120689.45775952232,128,0.007789286849276322,False,100.0,16384,0.955968976020813,True,0.9672760963439941,4 x NVIDIA A100-PCIE-40GB,1929379840,0.4,335.84904189458683,1.4123579289137697e-05,0.008288741321129743,pytorch,100.0,0.00621433386034731,1.0,True,0.0030909468065784002,16949970993152,0576,2600452096,0,0.9080214500427246,128,100.0,latency_True_latency_0.4_latency_0.5_latency_True_latency_6.0_latency_5,TinyLlama/TinyLlama-1.1B-Chat-v1.0,128,1.0,29209.629882352645,0576,0.008231996752450926,1.3291503860290942e-05,False,411.4025780318692,99.6,266.4879162797921,0.0019097977014698696,16384,29635.188308823334,615606272,1087688704,text_generation,5,0.00811378607843129,0.0019207626890256507,2.081936845935876,0.008890325225633128,383.43850920458135,0.006804839610531133,True,NO_SHARD,533.7345505322729,1.2087795116032946e-05,140442846.52372345,pure_generative,1929379840,Linux-5.15.0-113-generic-x86_64-with-glibc2.31,0.0020713620358128533,0.9782767295837403,0.0031359791628461807,DistributedType.MULTI_GPU,0.0031575960062843757,0.0,0.135753364909847,"3.10.14 (main, Apr  6 2024, 18:45:05) [GCC 9.4.0]",0.006308907547120768,0.5,29839.468756067075,4,6.0,0.00338676939470494,0,0,128,112.5,32005.17081227926,112.5,7685.1514642403345,112.5,416.1061699158276,1087688704,7.366299912080221,4,0.006354726750442907,AMD EPYC 7742 64-Core Processor,0.025682807768442117,1.3251881661186577e-05,112.5,7.120334176871593e-09,"April 16, 2025 at 05:39:47 PM",128,torch.float16,Unknown (no config attribute),112.5,0.0,True,0.03352484937764509,61.481211713922676,True,False,False,0.0018873644229679483
16949970993152,0.965548038482666,5.709269208312282e-05,saxony,16,False,Germany,128822.78649484862,128,0.008560146267449456,False,100.0,16384,0.9600799083709717,True,0.9777774810791017,4 x NVIDIA A100-PCIE-40GB,1929379840,0.4,287.7292990437567,1.5572522774272513e-05,0.008652562285476034,pytorch,100.0,0.006569572477876484,1.0,True,0.0033966309880004214,16949970993152,0577,2672205824,0,0.9320826530456543,128,100.0,latency_True_latency_0.4_latency_0.5_latency_True_latency_6.0_latency_8,TinyLlama/TinyLlama-1.1B-Chat-v1.0,128,1.0,31150.70955985929,0577,0.008916212069826542,1.430912707409723e-05,False,423.2836676881506,99.5,241.4135315686046,0.002129597802690114,16384,32098.36345137555,615606272,1087688704,text_generation,8,0.008652974877738692,0.0020759210115284077,1.8860432153797235,0.009562358126638904,440.3974224380441,0.007262136087483384,True,NO_SHARD,437.1602854795488,1.3424463012526545e-05,131575876.08796054,pure_generative,1929379840,Linux-5.15.0-113-generic-x86_64-with-glibc2.31,0.0022846495163812513,0.9649114608764648,0.0036427803283430905,DistributedType.MULTI_GPU,0.0032963507796745545,0.0,0.12718246861284252,"3.10.14 (main, Apr  6 2024, 18:45:05) [GCC 9.4.0]",0.006772305140062329,0.5,31149.224227713723,4,6.0,0.0032961936026520955,0,0,128,112.5,34424.48925590006,112.5,8483.368710498326,112.5,397.14266866237506,1087688704,7.8627189022734765,4,0.006562854694725395,AMD EPYC 7742 64-Core Processor,0.027166868400147592,1.3786579222226531e-05,112.5,7.600177401300252e-09,"April 16, 2025 at 05:41:39 PM",128,torch.float16,Unknown (no config attribute),112.5,0.0,True,0.03578410735968017,67.8669496839866,True,False,False,0.0020699779368496827
16949970993152,0.9617686271667482,4.793142906786768e-05,saxony,16,False,Germany,112205.9836593164,128,0.0071809757136761625,False,100.0,16384,0.9571348428726196,True,0.96551513671875,4 x NVIDIA A100-PCIE-40GB,1929379840,0.4,446.15107706958236,1.2985945068212622e-05,0.007487144525811964,pytorch,100.0,0.005914148342422543,1.0,True,0.0028522277071080676,16949970993152,0578,2670616576,0,0.9324831962585449,128,100.0,latency_True_latency_0.4_latency_0.5_latency_True_latency_6.0_latency_10,TinyLlama/TinyLlama-1.1B-Chat-v1.0,128,1.0,27694.323438497395,0578,0.007701039097783648,1.1688895395483419e-05,False,129.3317490964861,99.3,284.2120789792433,0.001773355469600574,16384,27723.740752021135,615606272,1087688704,text_generation,10,0.0076928676218048315,0.0017260168125212657,2.2204068670253383,0.008287277548854109,439.911500226586,0.006359947865730575,True,NO_SHARD,458.39586502707965,1.145958588329075e-05,151061204.04965279,pure_generative,1929379840,Linux-5.15.0-113-generic-x86_64-with-glibc2.31,0.0019143437380553228,0.9687724113464355,0.003157038382235973,DistributedType.MULTI_GPU,0.002933710844300681,0.0,0.14601716829777683,"3.10.14 (main, Apr  6 2024, 18:45:05) [GCC 9.4.0]",0.005915994732787588,0.5,26953.72029292307,4,6.0,0.0029305979205265504,0,0,128,112.5,29834.199175874794,112.5,7205.886559626379,112.5,368.44754785493353,1087688704,6.848509744831323,4,0.005749330710569822,AMD EPYC 7742 64-Core Processor,0.02393942165151053,1.179700272088089e-05,112.5,6.6198333734405215e-09,"April 16, 2025 at 05:43:20 PM",128,torch.float16,Unknown (no config attribute),112.5,0.0,True,0.031168328794254553,57.64709247701103,True,False,False,0.0017672596934989997
16949970993152,0.9696764945983887,5.0650062579256153e-05,saxony,16,False,Germany,117136.98076383669,128,0.007615896085742862,False,100.0,16384,0.9541136026382446,True,0.9697737693786622,4 x NVIDIA A100-PCIE-40GB,1929379840,0.4,440.8929261649595,1.3579725941431008e-05,0.008046768935188452,pytorch,100.0,0.005950398093648168,1.0,True,0.0032734958762849027,16949970993152,0579,2577391616,0,0.8990664482116699,128,100.0,latency_True_latency_0.4_latency_0.5_latency_True_latency_6.0_latency_20,TinyLlama/TinyLlama-1.1B-Chat-v1.0,128,1.0,27985.893394912884,0579,0.008124441619248465,1.276479211892855e-05,False,412.70217486564695,99.3,276.11310118575,0.0019065149185589691,16384,29247.98982929447,615606272,1087688704,text_generation,20,0.00777385927636469,0.0018920924968297188,2.157133603013672,0.008592980381375253,261.9120809132756,0.006574196092684836,True,NO_SHARD,484.1765999263817,1.1377075111333992e-05,144702133.2001491,pure_generative,1929379840,Linux-5.15.0-113-generic-x86_64-with-glibc2.31,0.002005204562748986,0.9779376983642578,0.003065416625860041,DistributedType.MULTI_GPU,0.0029614516913311286,0.0,0.13987043112398692,"3.10.14 (main, Apr  6 2024, 18:45:05) [GCC 9.4.0]",0.006205161908570567,0.5,28968.36816667843,4,6.0,0.0030950060348527027,0,0,128,112.5,30934.72937295091,112.5,7417.250363003404,112.5,399.92094546756596,1087688704,7.149473923574017,4,0.006141747968951172,AMD EPYC 7742 64-Core Processor,0.024871504063854744,1.29284694075626e-05,112.5,6.910748154740884e-09,"April 16, 2025 at 05:45:04 PM",128,torch.float16,Unknown (no config attribute),112.5,0.0,True,0.03253805021217686,59.338002904027235,True,False,False,0.0018120841076051878
