global_energy_metrics_global_derived_quantities_joules_per_token,global_energy_metrics_local_process_results_ram_energy_process_1,variables_backend,global_energy_metrics_global_experiment_results_total_energy_kwh,compute_metrics_compute_utilisation_gpu_utilization_percent_0,global_energy_metrics_local_process_results_ram_energy_process_2,variables_batching_options_adaptive_max_tokens,variables_batching_options_max_batch_size___adaptive_batching,inference_metrics_inference_performance_total_inference_time_sec,global_energy_metrics_local_process_results_gpu_energy_process_1,variables_decoder_config_top_k,global_energy_metrics_global_derived_quantities_joules_per_flop,variables_max_output_tokens,variables_query_rate,variables_number_input_prompts,variables_decode_token_to_text,global_energy_metrics_local_process_results_total_energy_joules_process_3,variables_fp_precision,variables_max_input_tokens,setup_experiment_id,global_energy_metrics_local_process_results_cpu_power_process_0,global_energy_metrics_local_process_results_ram_energy_process_0,variables_inference_type,inference_metrics_raw_inference_metrics_number_input_prompts,global_energy_metrics_local_process_results_cpu_power_process_1,variables_batching_options_batch_size___fixed_batching,setup_gpu_model,variables_latency_simulation_simulate_burst,global_energy_metrics_local_process_results_total_energy_joules_process_0,compute_metrics_memory_gpu_current_memory_allocated_bytes,global_energy_metrics_local_process_results_gpu_power_process_0,variables_quantisation_load_in_8bit,setup_is_encoder_decoder,global_energy_metrics_per-process_emissions_3,variables_latency_simulation_burst_interval,setup_available_gpu_count,global_energy_metrics_local_process_results_cpu_power_process_2,setup_model,global_energy_metrics_experiment_id,variables_latency_simulation_simulate,variables_latency_simulation_delay_max,global_energy_metrics_per-process_emissions_1,model_architecture_architecture,setup_task_type,setup_available_cpu_count,global_energy_metrics_per-process_emissions_0,variables_config_name,inference_metrics_raw_inference_metrics_total_generated_tokens,variables_sharding_config_sharding_strategy,setup_region,compute_metrics_compute_utilisation_gpu_utilization_percent_2,compute_metrics_flops,global_energy_metrics_global_derived_quantities_flops_per_joule,global_energy_metrics_local_process_results_total_energy_joules_process_1,global_energy_metrics_local_process_results_total_energy_joules_process_2,global_energy_metrics_per-process_emissions_2,compute_metrics_memory_gpu_current_memory_reserved_bytes,inference_metrics_raw_inference_metrics_total_input_tokens,global_energy_metrics_local_process_results_ram_energy_process_3,setup_cpu_model,inference_metrics_inference_performance_average_latency_ms_per_batch,model_architecture_total_params,global_energy_metrics_local_process_results_ram_power_process_1,variables_accelerate_config_distributed_type,global_energy_metrics_global_experiment_results_cpu_power_avg,variables_sharding_config_fsdp_config_cpu_offload,global_energy_metrics_global_experiment_results_cpu_energy_total,variables_accelerate_config_num_processes,compute_metrics_memory_gpu_max_memory_reserved_bytes,global_energy_metrics_global_experiment_results_total_energy_joules,global_energy_metrics_local_process_results_ram_power_process_2,global_energy_metrics_local_process_results_cpu_energy_process_3,setup_country,global_energy_metrics_global_experiment_results_gpu_power_avg,compute_metrics_compute_utilisation_gpu_utilization_percent_1,global_energy_metrics_local_process_results_total_energy_kwh_process_3,variables_decoder_config_decoder_temperature,global_energy_metrics_global_experiment_results_ram_energy_total,variables_sharding_config_fsdp_config_use_orig_params,variables_quantisation_quantization,compute_metrics_compute_utilisation_cpu_usage_percent,variables_decoder_config_decoder_top_k,global_energy_metrics_local_process_results_cpu_power_process_3,variables_batching_options_adaptive_batching,global_energy_metrics_local_process_results_cpu_energy_process_1,global_energy_metrics_local_process_results_ram_power_process_0,variables_quantisation_load_in_4bit,global_energy_metrics_local_process_results_total_energy_kwh_process_1,variables_latency_simulation_burst_size,variables_decoder_config_decoder_top_p,inference_metrics_inference_performance_throughput_queries_per_sec,global_energy_metrics_local_process_results_gpu_energy_process_2,global_energy_metrics_global_derived_quantities_tokens_per_joule,global_energy_metrics_local_process_results_total_energy_kwh_process_2,inference_metrics_inference_performance_throughput_tokens_per_sec,global_energy_metrics_local_process_results_ram_power_process_3,setup_os,global_energy_metrics_global_experiment_results_gpu_energy_total,global_energy_metrics_local_process_results_gpu_power_process_3,compute_metrics_memory_gpu_max_memory_allocated_bytes,variables_decoder_config_decoding_mode,global_energy_metrics_local_process_results_gpu_power_process_1,variables_latency_simulation_delay_min,setup_date_time,global_energy_metrics_local_process_results_gpu_power_process_2,global_energy_metrics_local_process_results_gpu_energy_process_0,setup_python_version,global_energy_metrics_local_process_results_cpu_energy_process_2,global_energy_metrics_local_process_results_cpu_energy_process_0,variables_quantisation_cached_flops_for_quantised_models,compute_metrics_compute_utilisation_gpu_utilization_percent_3,global_energy_metrics_local_process_results_total_energy_kwh_process_0,compute_metrics_compute_utilisation_cpu_memory_usage_bytes,global_energy_metrics_local_process_results_gpu_energy_process_3,global_energy_metrics_global_experiment_results_ram_power_avg
1.5933327960385046,2.0364453067940882e-06,pytorch,0.007251434591748573,4.0,1.238259046099958e-06,0,0,6.381739411968738,0.001813450617428991,NA,1.5401303365558367e-09,128,1.0,128,True,7191.466734964078,torch.float16,128,0001,112.5,1.5640628952126065e-06,pure_generative,128,112.5,64,4 x NVIDIA A100-PCIE-40GB,False,5676.590214466899,4419853312,708.9398236948387,False,False,0.0005933033653188682,0.0,4,112.5,TinyLlama/TinyLlama-1.1B-Chat-v1.0,0001,False,0,0.000600693622833657,Unknown (no config attribute),text_generation,128,0.0008074400049394923,A5_Parallel_Overdrive,16384,NO_SHARD,saxony,100.0,16949970993152,649295696.7760797,7630.355736401554,5606.751844462332,0.0007609970146346016,6870269952,16384,1.8081926072207341e-06,AMD EPYC 7742 64-Core Processor,3190.869705984369,1100048384,0.876859188079834,DistributedType.MULTI_GPU,112.5,False,0.0009820851217227755,4,6870269952,26105.16453029486,0.8572998046875001,0.00027580035775281433,Germany,617.8709882853439,100.0,0.0019976296486011328,1.0,6.6469598553273865e-06,False,False,7.7,,112.5,False,0.0003040561973757576,1.0768060684204102,False,0.0021195432601115428,0,,20.057227620410245,0.0013563891406693784,0.6276152744023691,0.0015574310679062034,2567.3251354125114,0.8676395416259766,Linux-5.15.0-113-generic-x86_64-with-glibc2.31,0.00626270251017047,508.91793639320946,4419853312,greedy,385.62922272240814,0,"April 17, 2025 at 12:15:33 AM",867.9969703309196,0.0013728416538310029,"3.10.14 (main, Apr  6 2024, 18:45:05) [GCC 9.4.0]",0.00019980366819072516,0.0002024248984034784,16949970993152,100.0,0.0015768306151296941,3087790080,0.001720021098241098,0.9196511507034302
0.381515429731791,NA,pytorch,0.0017363191113126844,0.0,NA,0,0,38.43279428500682,NA,NA,3.6877637154960583e-10,128,1.0,128,True,NA,torch.float16,128,0002,112.5,7.5176000095373765e-06,pure_generative,128,NA,32,4 x NVIDIA A100-PCIE-40GB,False,6250.748800725663,1576821248,50.64344167566961,True,False,NA,0.0,1,NA,TinyLlama/TinyLlama-1.1B-Chat-v1.0,0002,False,0,NA,Unknown (no config attribute),text_generation,128,0.0006614507654545671,A4_Latency_Ignorance_Exploit,16384,NO_SHARD,saxony,0.0,16949970993152,2711670478.7727575,NA,NA,NA,2661285888,16384,NA,AMD EPYC 7742 64-Core Processor,9608.198571251705,1100048384,NA,DistributedType.MULTI_GPU,112.5,False,0.001179780516531537,1,2661285888,6250.748800725663,NA,NA,Germany,50.64344167566961,0.0,NA,1.0,7.5176000095373765e-06,False,True,2.4,,NA,False,NA,0.933680534362793,False,NA,0,,3.3304890362846873,NA,2.6211259678357166,NA,426.30259664444,NA,Linux-5.15.0-113-generic-x86_64-with-glibc2.31,0.0005490209947716096,NA,1576821248,greedy,NA,0,"April 17, 2025 at 12:16:37 AM",NA,0.0005490209947716096,"3.10.14 (main, Apr  6 2024, 18:45:05) [GCC 9.4.0]",NA,0.001179780516531537,16949970993152,2.0,0.0017363191113126844,2673688576,NA,0.933680534362793
70.82311105301278,7.477674649561957e-05,pytorch,0.32232384763682265,11.0,6.365881477397765e-05,0,0,432.85957168089226,0.07099832568750752,200,6.845827948386246e-08,128,1.0,128,True,307721.7721962625,torch.float32,128,0001,112.5,6.987501448028751e-05,pure_generative,128,112.5,1,4 x NVIDIA A100-PCIE-40GB,True,269429.9823802475,8818209280,515.2674934866046,False,False,0.028749425295689243,6.0,4,112.5,TinyLlama/TinyLlama-1.1B-Chat-v1.0,0001,True,0.5,0.028510931052154246,Unknown (no config attribute),text_generation,128,0.032965966432135715,R7_anti_platonic_ideal,16384,NO_SHARD,saxony,100.0,16949970993152,14607436.931506993,311530.32984824403,271683.7670678075,0.03256294697726839,9357492224,16384,7.435363273462031e-05,AMD EPYC 7742 64-Core Processor,3381.7154037569708,1100048384,0.6290702819824219,DistributedType.MULTI_GPU,112.5,False,0.05744385869508006,4,9357492224,1160365.8514925614,0.6295523643493652,0.015259602806376286,Germany,732.0564084045695,100.0,0.08547827005451736,1.2,0.000282664208484505,False,False,4.7,,112.5,False,0.015463100301620219,0.6922774314880371,False,0.08653620273562335,20,,0.2957079116974285,0.06198513236584713,0.014119684734711474,0.07546771307439097,37.85061269727085,0.6408061981201172,Linux-5.15.0-113-generic-x86_64-with-glibc2.31,0.26459732473325825,526.0312837373957,8818209280,greedy,1288.8214623195577,0.4,"April 17, 2025 at 12:44:01 AM",598.1053940747204,0.061469553064497084,"3.10.14 (main, Apr  6 2024, 18:45:05) [GCC 9.4.0]",0.013418921893769944,0.013302233693313608,16949970993152,100.0,0.07484166177229097,1987727360,0.07014431361540652,0.6479265689849854
0.4113489142688881,1.7867093482573305e-06,pytorch,0.0018720946142726284,0.0,NA,0,0,5.043379348004237,0.0008482726230631954,NA,3.9761369586439537e-10,128,1.0,128,True,NA,torch.float16,128,0002,112.5,1.2426166351714438e-06,pure_generative,128,112.5,128,4 x NVIDIA A100-PCIE-40GB,False,2792.071551658285,1087688704,0.0,False,False,NA,0.0,2,NA,TinyLlama/TinyLlama-1.1B-Chat-v1.0,0002,False,0,0.00041771898286154007,Unknown (no config attribute),text_generation,128,0.0002954554604456177,A2_Precision_Minimalist,16384,NO_SHARD,saxony,0.0,16949970993152,2515003910.5822105,3947.469059723177,NA,NA,2621440000,16384,NA,AMD EPYC 7742 64-Core Processor,5043.379348004237,615606272,0.9648528099060059,DistributedType.MULTI_GPU,112.5,False,0.00040761939690855796,2,2621440000,6739.540611381462,NA,NA,Germany,152.2849445667372,100.0,NA,1.0,3.0293259834287743e-06,False,True,3.2,,NA,False,0.0002464598508449853,0.926722526550293,True,0.001096519183256438,0,,25.37980809447778,NA,2.431026229344381,NA,3248.615436093156,NA,Linux-5.15.0-113-generic-x86_64-with-glibc2.31,0.0014614458913806416,NA,1087688704,greedy,304.5698891334744,0,"April 17, 2025 at 12:44:40 AM",NA,0.0006131732683174462,"3.10.14 (main, Apr  6 2024, 18:45:05) [GCC 9.4.0]",NA,0.00016115954606357263,16949970993152,0.0,0.0007755754310161903,2655080448,NA,0.9457876682281494
1.5440530108736512,2.0009167011673615e-06,pytorch,0.00702715681393164,4.0,1.2505534525338612e-06,0,0,6.285659845976625,0.0017972167155502206,NA,1.4924960367409782e-09,128,1.0,128,True,6864.193454296098,torch.float16,128,0003,112.5,1.5831390228510557e-06,pure_generative,128,112.5,64,4 x NVIDIA A100-PCIE-40GB,False,5478.890871572469,4419853312,846.2098661895008,False,False,0.0005797731882015367,0.0,4,112.5,TinyLlama/TinyLlama-1.1B-Chat-v1.0,0003,False,0,0.0007263651378928052,Unknown (no config attribute),text_generation,128,0.0005724147587318613,A5_Parallel_Overdrive,16384,NO_SHARD,saxony,100.0,16949970993152,670018529.6194186,7545.326925811255,5409.35327847408,0.000798442303441055,6870269952,16384,1.6906751009344091e-06,AMD EPYC 7742 64-Core Processor,3142.8299229883123,1100048384,0.8776602745056152,DistributedType.MULTI_GPU,112.5,False,0.0009534766759315971,4,6870269952,25297.7645301539,0.8676838874816895,0.0002628778595935728,Germany,712.9554026425444,100.0,0.0019067204039711384,1.0,6.525284277486688e-06,False,False,4.7,,112.5,False,0.00029670651380729395,1.0775771141052246,False,0.002095924146058682,0,,20.36381273191728,0.0013050957662983365,0.6476461578441424,0.0015025981329094666,2606.568029685412,0.8591609001159668,Linux-5.15.0-113-generic-x86_64-with-glibc2.31,0.006067154853722556,668.6672727316094,4419853312,greedy,532.9736228707859,0,"April 17, 2025 at 12:45:20 AM",803.9708487782817,0.0013226905025973679,"3.10.14 (main, Apr  6 2024, 18:45:05) [GCC 9.4.0]",0.00019625181315859665,0.0001976404893721337,16949970993152,100.0,0.0015219141309923527,3091206144,0.0016421518692766313,0.920520544052124
10.386044168809033,2.546289727111383e-05,pytorch,0.04726804101715756,0.0,8.968384066201476e-06,0,0,42.62222576502245,0.013963517559695937,NA,1.0039247130895738e-08,128,1.0,128,True,59164.7559263635,torch.float16,128,0004,112.5,8.72564765269073e-06,pure_generative,128,112.5,32,4 x NVIDIA A100-PCIE-40GB,True,24454.958681337983,1576733184,566.0204868682468,True,False,0.0025756691363112275,4.0,4,112.5,TinyLlama/TinyLlama-1.1B-Chat-v1.0,0004,True,1.5,0.002587810141571029,Unknown (no config attribute),text_generation,128,0.006582499344784976,R3_Balanced_Enterprise_Service,16384,NO_SHARD,saxony,100.0,16949970993152,99609063.00657791,62205.00758951546,24340.225464550254,0.006260781602818937,2837446656,16384,2.4007812552038328e-05,AMD EPYC 7742 64-Core Processor,10655.556441255612,1100048384,0.9870557785034179,DistributedType.MULTI_GPU,112.5,False,0.009031649351365561,4,2837446656,170164.9476617672,0.9884862899780272,0.0031194179229059953,Germany,517.0597656100119,100.0,0.01643465442398986,1.0,6.716474154204436e-05,False,True,4.9,50,112.5,False,0.003290188317898356,0.946589469909668,False,0.017279168774865405,5,,3.003128008979814,0.005444765189142942,0.09628304903643309,0.006761173740152848,384.4003851494162,0.988964080810547,Linux-5.15.0-113-generic-x86_64-with-glibc2.31,0.038169226924249955,449.3810770851718,1576733184,top_k,377.69783953838134,0.5,"April 17, 2025 at 12:47:42 AM",675.1396589482476,0.005469715486879245,"3.10.14 (main, Apr  6 2024, 18:45:05) [GCC 9.4.0]",0.0013074401669437067,0.0013146029436175016,16949970993152,100.0,0.00679304407814944,2710708224,0.013291228688531831,0.977773904800415
0.5805203041685641,NA,pytorch,0.002642012406527154,4.0,NA,0,0,54.88844693580177,NA,NA,5.61136338660427e-10,128,1.0,128,True,NA,torch.float16,128,0005,112.5,1.3896486266931837e-05,pure_generative,128,NA,8,4 x NVIDIA A100-PCIE-40GB,True,9511.244663497755,4419853312,63.23535278604862,False,False,NA,2.0,1,NA,TinyLlama/TinyLlama-1.1B-Chat-v1.0,0005,True,0.2,NA,Unknown (no config attribute),text_generation,128,0.0010064746262665194,R4_High_Load_Cloud_API_Deployment,16384,NO_SHARD,saxony,0.0,16949970993152,1782098094.7112613,NA,NA,NA,6606028800,16384,NA,AMD EPYC 7742 64-Core Processor,3430.5279334876104,1100048384,NA,DistributedType.MULTI_GPU,112.5,False,0.0016854398883424434,1,6606028800,9511.244663497755,NA,NA,Germany,63.23535278604862,100.0,NA,1.0,1.3896486266931837e-05,False,False,2.4,,NA,False,NA,1.0768260955810547,False,NA,5,,2.332002582432519,NA,1.7225926342614757,NA,298.4963305513624,NA,Linux-5.15.0-113-generic-x86_64-with-glibc2.31,0.0009426760319177774,NA,4419853312,greedy,NA,0.05,"April 17, 2025 at 12:49:02 AM",NA,0.0009426760319177774,"3.10.14 (main, Apr  6 2024, 18:45:05) [GCC 9.4.0]",NA,0.0016854398883424434,16949970993152,1.0,0.002642012406527154,3090186240,NA,1.0768260955810547
2.5739868292594505,3.2810702573769676e-06,pytorch,0.011714500058496346,4.0,2.4350239321045666e-06,0,0,12.666024871054105,0.0027840716716962532,NA,2.4880396684823196e-09,128,1.0,128,True,11665.663515055428,torch.float16,128,0006,112.5,3.1455516524465553e-06,pure_generative,128,112.5,32,4 x NVIDIA A100-PCIE-40GB,False,9461.920279539361,4419853312,678.864878266056,False,False,0.0009747009563602763,0.0,4,112.5,TinyLlama/TinyLlama-1.1B-Chat-v1.0,0006,True,0.1,0.0010012551473584778,Unknown (no config attribute),text_generation,128,0.0012522286613264383,R6_Medium_Scale_Language_Model_Serving,16384,NO_SHARD,saxony,100.0,16949970993152,401922852.22284675,11833.634809752402,9210.98160623965,0.0012344540322389904,6870269952,16384,3.2308848090419816e-06,AMD EPYC 7742 64-Core Processor,3166.5062177635264,1100048384,0.8660702705383301,DistributedType.MULTI_GPU,112.5,False,0.0017700481930860406,4,6870269952,42172.20021058684,0.8669185638427734,0.0004922603956219973,Germany,672.9084499612559,100.0,0.0032404620875153968,1.0,1.2092530650970072e-05,False,False,4.7,,112.5,False,0.0004997680385331479,1.0780177116394043,False,0.0032871207804867782,0,,10.10577519806713,0.0021726520158953377,0.38850237640404134,0.002558606001733236,1293.5392253525927,0.8664193153381349,Linux-5.15.0-113-generic-x86_64-with-glibc2.31,0.009932359334759333,585.3501867873894,4419853312,greedy,584.2535415111439,0.01,"April 17, 2025 at 12:49:49 AM",843.1651932804341,0.002230664840083385,"3.10.14 (main, Apr  6 2024, 18:45:05) [GCC 9.4.0]",0.0003835189619057928,0.00039450079702510265,16949970993152,100.0,0.002628311188760934,3092172800,0.002744970807084357,0.9193564653396606
1.291530476685371,NA,pytorch,0.005877898702781422,11.0,NA,0,0,89.45120187179418,NA,NA,1.2484054007267741e-09,128,1.0,128,True,NA,torch.float32,128,0007,112.5,1.4176522574623114e-05,pure_generative,128,NA,4,4 x NVIDIA A100-PCIE-40GB,False,21160.43533001312,8818209280,131.11762209861303,False,False,NA,0.0,1,NA,TinyLlama/TinyLlama-1.1B-Chat-v1.0,0007,True,0.05,NA,Unknown (no config attribute),text_generation,128,0.0022391855108245826,R2_Low_Latency_Chatbot_Deployment,16384,NO_SHARD,saxony,0.0,16949970993152,801021847.0841588,NA,NA,NA,12343836672,16384,NA,AMD EPYC 7742 64-Core Processor,2795.350058493568,1100048384,NA,DistributedType.MULTI_GPU,112.5,False,0.0027461096861188705,1,12343836672,21160.43533001312,NA,NA,Germany,131.11762209861303,100.0,NA,1.0,1.4176522574623114e-05,False,False,3.7,,NA,False,NA,0.6976761817932129,False,NA,0,0.9,1.4309477941219373,NA,0.7742751859533621,NA,183.16131764760797,NA,Linux-5.15.0-113-generic-x86_64-with-glibc2.31,0.003117612494087929,NA,8818209280,top_p,NA,0.01,"April 17, 2025 at 12:51:46 AM",NA,0.003117612494087929,"3.10.14 (main, Apr  6 2024, 18:45:05) [GCC 9.4.0]",NA,0.0027461096861188705,16949970993152,100.0,0.005877898702781422,2002219008,NA,0.6976761817932129
10.01702463915007,NA,pytorch,0.045588592135509656,0.0,NA,0,0,1113.0100401233067,NA,NA,9.682549412865713e-09,128,1.0,128,True,NA,torch.float16,128,0008,112.5,0.00022470014322892274,pure_generative,128,NA,1,4 x NVIDIA A100-PCIE-40GB,True,164118.93168783476,1576112640,36.94517783152545,True,False,NA,5.0,1,NA,TinyLlama/TinyLlama-1.1B-Chat-v1.0,0008,True,0.6,NA,Unknown (no config attribute),text_generation,128,0.017366974174022404,R5_Real_Time_Mobile_Inference,16384,NO_SHARD,saxony,0.0,16949970993152,103278584.73629346,NA,NA,NA,2401239040,16384,NA,AMD EPYC 7742 64-Core Processor,8695.390938463333,1100048384,NA,DistributedType.MULTI_GPU,112.5,False,0.03402782125676453,1,2401239040,164118.93168783476,NA,NA,Germany,36.94517783152545,100.0,NA,1.0,0.00022470014322892274,False,True,3.2,,NA,False,NA,0.937767505645752,False,NA,8,0.9,0.11500345494261606,NA,0.09983004295423681,NA,14.720442232654856,NA,Linux-5.15.0-113-generic-x86_64-with-glibc2.31,0.011336070735516124,NA,1576112640,top_p,NA,0.2,"April 17, 2025 at 01:10:45 AM",NA,0.011336070735516124,"3.10.14 (main, Apr  6 2024, 18:45:05) [GCC 9.4.0]",NA,0.03402782125676453,16949970993152,99.0,0.045588592135509656,2686156800,NA,0.937767505645752
0.14847911844399025,NA,pytorch,0.0006757449657184268,0.0,NA,0,0,9.57499774597818,NA,NA,1.43521300276512e-10,128,1.0,128,True,NA,torch.float16,128,0012,112.5,1.9294260495400136e-06,pure_generative,128,NA,64,4 x NVIDIA A100-PCIE-40GB,False,2432.6818765863363,1087688704,166.7283544153029,False,False,NA,0.0,1,NA,TinyLlama/TinyLlama-1.1B-Chat-v1.0,0012,False,0,NA,Unknown (no config attribute),text_generation,128,0.0002574250446904347,A3_Quantisation_Gaming,16384,NO_SHARD,saxony,0.0,16949970993152,6967606885.342964,NA,NA,NA,1986002944,16384,NA,AMD EPYC 7742 64-Core Processor,4787.49887298909,615606272,NA,DistributedType.MULTI_GPU,112.5,False,0.0002982341280930996,1,1986002944,2432.6818765863363,NA,NA,Germany,166.7283544153029,100.0,NA,1.0,1.9294260495400136e-06,False,True,2.4,50,NA,False,NA,0.9296793937683105,True,NA,0,,13.368149361054867,NA,6.734953779896148,NA,1711.123118215023,NA,Linux-5.15.0-113-generic-x86_64-with-glibc2.31,0.00037558141157578717,NA,1087688704,top_k,NA,0,"April 17, 2025 at 01:12:18 AM",NA,0.00037558141157578717,"3.10.14 (main, Apr  6 2024, 18:45:05) [GCC 9.4.0]",NA,0.0002982341280930996,16949970993152,100.0,0.0006757449657184268,2662502400,NA,0.9296793937683105
0.18316934558216727,NA,pytorch,0.0008336240438939523,4.0,NA,0,0,3.5150616010068916,NA,NA,1.7705319727276754e-10,128,1.0,128,True,NA,torch.float16,128,0013,112.5,8.970325134537805e-07,pure_generative,128,NA,256,4 x NVIDIA A100-PCIE-40GB,False,3001.0465580182286,4419853312,690.9515952334408,,False,NA,0.0,4,NA,TinyLlama/TinyLlama-1.1B-Chat-v1.0,0013,False,0,NA,Unknown (no config attribute),text_generation,128,0.00031756907952140115,A0_platonic_ideal,16384,NO_SHARD,saxony,0.0,16949970993152,5648020004.176504,NA,NA,NA,6522142720,16384,NA,AMD EPYC 7742 64-Core Processor,3515.0616010068916,1100048384,NA,DistributedType.MULTI_GPU,112.5,False,0.00011257199081228464,1,6522142720,3001.0465580182286,NA,NA,Germany,690.9515952334408,100.0,NA,0,8.970325134537805e-07,False,False,4.2,,NA,False,NA,1.0754055976867676,,NA,0,,36.41472455655808,NA,5.459428797005849,NA,4661.084743239434,NA,Linux-5.15.0-113-generic-x86_64-with-glibc2.31,0.0007201550205682139,NA,4419853312,greedy,NA,0,"April 17, 2025 at 01:12:47 AM",NA,0.0007201550205682139,"3.10.14 (main, Apr  6 2024, 18:45:05) [GCC 9.4.0]",NA,0.00011257199081228464,16949970993152,27.0,0.0008336240438939523,3082969088,NA,1.0754055976867676
3.0480283904710483,6.492276518345686e-06,pytorch,0.013871915874854906,0.0,2.474862142320439e-06,0,0,11.221791797026526,0.004045318236252982,NA,2.9462526614147953e-09,128,1.0,128,True,16148.023393352214,torch.float16,128,0014,112.5,2.3383189357531257e-06,pure_generative,128,112.5,256,4 x NVIDIA A100-PCIE-40GB,False,8053.703098775768,1577484800,632.1507259705692,True,False,0.0018636906084922268,0.0,4,112.5,TinyLlama/TinyLlama-1.1B-Chat-v1.0,0014,False,0,0.0008522383876329525,Unknown (no config attribute),text_generation,128,0.0017087748643604239,A1_Max_Throughput_Exploit,16384,NO_SHARD,saxony,100.0,16949970993152,339414203.3697131,17611.986325166075,8125.184332183605,0.0008598024920403735,3577741312,16384,5.796856378164988e-06,AMD EPYC 7742 64-Core Processor,11221.791797026526,1100048384,0.9860315322875978,DistributedType.MULTI_GPU,112.5,False,0.0022971184813923174,4,3577741312,49938.89714947766,0.9842963218688965,0.0007541116612537734,Germany,570.3813181870014,100.0,0.004485562053708948,1.0,1.710231397458424e-05,False,True,4.7,,112.5,False,0.0008404079108859152,0.9408416748046875,False,0.004892218423657243,0,,11.406378082501634,0.0019016045768411871,0.3280809336049058,0.0022569956478287793,1460.0163945602092,0.9866008758544923,Linux-5.15.0-113-generic-x86_64-with-glibc2.31,0.011557695079488006,482.8188260493004,1577484800,greedy,511.6524777365805,0,"April 17, 2025 at 01:13:47 AM",654.9032429915554,0.001885118730316826,"3.10.14 (main, Apr  6 2024, 18:45:05) [GCC 9.4.0]",0.00035291620884527223,0.0003496827004073566,16949970993152,100.0,0.0022371397496599357,2696273920,0.0037256535360770116,0.9744426012039185
0.3757699105764167,NA,pytorch,0.0017101706152455585,0.0,NA,0,0,37.75650552799925,NA,NA,3.632226991639903e-10,128,1.0,128,True,NA,torch.float16,128,0015,112.5,7.751662506946183e-06,pure_generative,128,NA,32,4 x NVIDIA A100-PCIE-40GB,False,6156.614214884011,1576888832,52.135633851899186,True,False,NA,0.0,1,NA,TinyLlama/TinyLlama-1.1B-Chat-v1.0,0015,False,0,NA,Unknown (no config attribute),text_generation,128,0.0006514894958777955,A4_Latency_Ignorance_Exploit,16384,NO_SHARD,saxony,0.0,16949970993152,2753131900.3510656,NA,NA,NA,2661285888,16384,NA,AMD EPYC 7742 64-Core Processor,9439.126381999813,1100048384,NA,DistributedType.MULTI_GPU,112.5,False,0.00116221213168501,1,2661285888,6156.614214884011,NA,NA,Germany,52.135633851899186,0.0,NA,1.0,7.751662506946183e-06,False,True,2.5,,NA,False,NA,0.9422435760498047,False,NA,0,,3.3901442469319227,NA,2.6612029645110176,NA,433.9384636072861,NA,Linux-5.15.0-113-generic-x86_64-with-glibc2.31,0.0005402068210536015,NA,1576888832,greedy,NA,0,"April 17, 2025 at 01:14:51 AM",NA,0.0005402068210536015,"3.10.14 (main, Apr  6 2024, 18:45:05) [GCC 9.4.0]",NA,0.00116221213168501,16949970993152,0.0,0.0017101706152455585,2699874304,NA,0.9422435760498047
10.225284096712066,2.522417545633406e-05,pytorch,0.04653640406681403,23.0,9.229288617193275e-06,0,0,42.99874121497851,0.013796173259153832,NA,9.88385494631319e-09,128,1.0,128,True,56979.631805472054,torch.float16,128,0016,112.5,9.049916507086296e-06,pure_generative,128,112.5,32,4 x NVIDIA A100-PCIE-40GB,True,24455.78717235642,1576871424,0.0,True,False,0.00602955298230405,4.0,4,112.5,TinyLlama/TinyLlama-1.1B-Chat-v1.0,0016,True,1.5,0.006509347755553161,Unknown (no config attribute),text_generation,128,0.0026012445793652662,R3_Balanced_Enterprise_Service,16384,NO_SHARD,saxony,100.0,16949970993152,101175098.72734559,61513.72075073206,24581.914911969965,0.0025878978120303276,2837446656,16384,2.279259334496902e-05,AMD EPYC 7742 64-Core Processor,10749.685303744627,1100048384,0.9868512153625489,DistributedType.MULTI_GPU,112.5,False,0.008931699173284872,4,2837446656,167531.0546405305,0.9808816909790039,0.0030075260036283007,Germany,304.4594965758455,100.0,0.015827675501520016,1.0,6.629597392558265e-05,False,True,4.7,50,112.5,False,0.0032657472183709626,0.9461631774902344,False,0.01708714465298113,5,,2.97683133001604,0.005486231333429181,0.09779679376551986,0.0068283096977694345,381.0344102420531,0.9765672683715821,Linux-5.15.0-113-generic-x86_64-with-glibc2.31,0.03753840891960358,460.6780027676307,1576871424,top_k,361.8106886164365,0.5,"April 17, 2025 at 01:17:08 AM",395.3492949193149,0.005458647422473817,"3.10.14 (main, Apr  6 2024, 18:45:05) [GCC 9.4.0]",0.0013328490757230616,0.001325576875562547,16949970993152,100.0,0.00679327421454345,2709430272,0.012797356904546753,0.9726158380508423
10.036319290254575,NA,pytorch,0.04567640423653638,0.0,NA,0,0,1116.1012128428556,NA,NA,9.701199802522657e-09,128,1.0,128,True,NA,torch.float16,128,0017,112.5,0.0002252169496124948,pure_generative,128,NA,1,4 x NVIDIA A100-PCIE-40GB,True,164435.05525153095,1576097280,38.88201487149687,True,False,NA,5.0,1,NA,TinyLlama/TinyLlama-1.1B-Chat-v1.0,0017,True,0.6,NA,Unknown (no config attribute),text_generation,128,0.017400426193908535,R5_Real_Time_Mobile_Inference,16384,NO_SHARD,saxony,0.0,16949970993152,103080033.43462366,NA,NA,NA,2665480192,16384,NA,AMD EPYC 7742 64-Core Processor,8719.54072533481,1100048384,NA,DistributedType.MULTI_GPU,112.5,False,0.0341208040559577,1,2665480192,164435.05525153095,NA,NA,Germany,38.88201487149687,0.0,NA,1.0,0.0002252169496124948,False,True,2.4,,NA,False,NA,0.9382710456848145,False,NA,8,0.9,0.11468493943660116,NA,0.09963812141479156,NA,14.679672247884948,NA,Linux-5.15.0-113-generic-x86_64-with-glibc2.31,0.011330383230966135,NA,1576097280,top_p,NA,0.2,"April 17, 2025 at 01:36:10 AM",NA,0.011330383230966135,"3.10.14 (main, Apr  6 2024, 18:45:05) [GCC 9.4.0]",NA,0.0341208040559577,16949970993152,100.0,0.04567640423653638,2689728512,NA,0.9382710456848145
0.42864081628225487,1.9594101263066873e-06,pytorch,0.0019507919816579068,0.0,NA,0,0,4.940969421004411,0.0009108929509347163,NA,4.14328209576629e-10,128,1.0,128,True,NA,torch.float16,128,0018,112.5,1.0319824916855556e-06,pure_generative,128,112.5,128,4 x NVIDIA A100-PCIE-40GB,False,2765.9527412707216,1087688704,479.6551074794741,False,False,NA,0.0,2,NA,TinyLlama/TinyLlama-1.1B-Chat-v1.0,0018,False,0,0.00029269158244085594,Unknown (no config attribute),text_generation,128,0.00045046262297172363,A2_Precision_Minimalist,16384,NO_SHARD,saxony,0.0,16949970993152,2413545534.4009166,4256.898392697743,NA,NA,2621440000,16384,NA,AMD EPYC 7742 64-Core Processor,4940.969421004411,615606272,0.9575772285461426,DistributedType.MULTI_GPU,112.5,False,0.00042582631590630624,2,2621440000,7022.851133968465,NA,NA,Germany,374.7954308733503,85.0,NA,1.0,2.991392617992243e-06,False,True,4.3,,NA,False,0.0002696194146883499,0.9269800186157227,True,0.001182471775749373,0,,25.90584743468821,NA,2.3329556169506542,NA,3315.9484716400907,NA,Linux-5.15.0-113-generic-x86_64-with-glibc2.31,0.0015219742731336083,NA,1087688704,greedy,269.9357542672265,0,"April 17, 2025 at 01:36:48 AM",NA,0.000611081322198892,"3.10.14 (main, Apr  6 2024, 18:45:05) [GCC 9.4.0]",NA,0.00015620690121795632,16949970993152,100.0,0.0007683202059085338,2658680832,NA,0.9422786235809326
1.5940036749002282,1.8538174693700718e-06,pytorch,0.007254487835990373,3.0,1.230237504106604e-06,0,0,6.360483993019443,0.0017702744717738028,NA,1.5407788143187145e-09,128,1.0,128,True,7489.815086737653,torch.float16,128,0019,112.5,1.584855719412138e-06,pure_generative,128,112.5,64,4 x NVIDIA A100-PCIE-40GB,False,5628.132545044879,4419853312,781.4234616452352,False,False,0.0005955658591763463,0.0,4,112.5,TinyLlama/TinyLlama-1.1B-Chat-v1.0,0019,False,0,0.0007925680714701968,Unknown (no config attribute),text_generation,128,0.0007838068225543244,A5_Parallel_Overdrive,16384,NO_SHARD,saxony,100.0,16949970993152,649022423.4048607,7407.020767018159,5591.187810764651,0.0005916563879196649,6870269952,16384,1.8806880095586363e-06,AMD EPYC 7742 64-Core Processor,3180.2419965097215,1100048384,0.8516550064086914,DistributedType.MULTI_GPU,112.5,False,0.0009731079396551651,4,6870269952,26116.156209565343,0.8466067314147949,0.00028912957115790055,Germany,621.5749462652739,100.0,0.002080504190760459,1.0,6.54959870244745e-06,False,False,4.7,,112.5,False,0.0002853774793729826,1.0779762268066406,False,0.0020575057686161554,0,,20.124254717169087,0.0013535246939273549,0.6273511258138046,0.001553107725212403,2575.904603797643,0.8668642044067384,Linux-5.15.0-113-generic-x86_64-with-glibc2.31,0.006274830297632761,534.3765701484431,4419853312,greedy,426.31237325768035,0,"April 17, 2025 at 01:37:28 AM",744.1873800097369,0.0013615372003386028,"3.10.14 (main, Apr  6 2024, 18:45:05) [GCC 9.4.0]",0.0001983527937809413,0.00020024809534334055,16949970993152,100.0,0.0015633701514013553,3090456576,0.0017894939315930003,0.9107755422592163
2.5394328053156383,3.5111661843508594e-06,pytorch,0.011557240856192058,1.0,2.5205428902975853e-06,0,0,12.257409646001179,0.00275324553593137,NA,2.4546394267636677e-09,128,1.0,128,True,11554.83126891835,torch.float16,128,0020,112.5,3.014416717534336e-06,pure_generative,128,112.5,32,4 x NVIDIA A100-PCIE-40GB,False,9129.180348517317,4419853312,706.5240150290808,False,False,0.0009736349292273122,0.0,4,112.5,TinyLlama/TinyLlama-1.1B-Chat-v1.0,0020,True,0.1,0.0009660447927132422,Unknown (no config attribute),text_generation,128,0.0012227258255262349,R6_Medium_Scale_Language_Model_Serving,16384,NO_SHARD,saxony,100.0,16949970993152,407391810.4209934,11721.147877985233,9200.907586870517,0.0012403253566995764,6870269952,16384,3.213916727915958e-06,AMD EPYC 7742 64-Core Processor,3064.3524115002947,1100048384,0.8668913841247559,DistributedType.MULTI_GPU,112.5,False,0.0017532129802530108,4,6870269952,41606.06708229142,0.8901543617248535,0.0004890575951594655,Germany,554.2279709143836,100.0,0.0032096753524773194,1.0,1.2260042520098739e-05,False,False,4.7,,112.5,False,0.0004991177084357332,1.0785441398620605,False,0.0032558744105514537,0,,10.442663147980728,0.002169240346504786,0.39378872238980356,0.0025558076630195882,1336.6608829415331,0.8662376403808594,Linux-5.15.0-113-generic-x86_64-with-glibc2.31,0.009791767833418952,589.9889514076746,4419853312,greedy,237.97949034322846,0.01,"April 17, 2025 at 01:38:16 AM",682.4194268775506,0.0021518781103928575,"3.10.14 (main, Apr  6 2024, 18:45:05) [GCC 9.4.0]",0.0003840467736245046,0.0003809909030333074,16949970993152,100.0,0.002535883430143699,3092434944,0.002717403840589938,0.9254568815231323
70.86466027621856,7.407258394288411e-05,pytorch,0.3225129427682125,0.0,6.307621101163082e-05,0,0,431.79368976305705,0.07102170487287651,200,6.849844135040952e-08,128,1.0,128,True,308697.45921267517,torch.float32,128,0021,112.5,6.984437864714458e-05,pure_generative,128,112.5,1,4 x NVIDIA A100-PCIE-40GB,True,270622.3347191583,8818209280,669.5818174751028,False,False,0.032933366154985176,6.0,4,112.5,TinyLlama/TinyLlama-1.1B-Chat-v1.0,0021,True,0.5,0.03266619363529683,Unknown (no config attribute),text_generation,128,0.028624640643028713,R7_anti_platonic_ideal,16384,NO_SHARD,saxony,100.0,16949970993152,14598872.328852218,311222.2553037056,270504.54473002587,0.028637105114239822,9357492224,16384,7.322534786845623e-05,AMD EPYC 7742 64-Core Processor,3373.388201273883,1100048384,0.627436637878418,DistributedType.MULTI_GPU,112.5,False,0.057101514086378286,4,9357492224,1161046.5939655649,0.6324462890625,0.015214975009041145,Germany,465.0098690199176,100.0,0.0857492942257431,1.2,0.0002802185214701157,False,False,4.7,,112.5,False,0.01535484901643213,0.6927680969238281,False,0.08645062647325155,20,,0.2964378661259243,0.061815675563613226,0.014111406109930785,0.07514015131389608,37.94404686411831,0.6289844512939453,Linux-5.15.0-113-generic-x86_64-with-glibc2.31,0.265131210160364,0.0,8818209280,greedy,537.0946187714312,0.4,"April 17, 2025 at 01:47:10 AM",653.3630398331364,0.06183273585504079,"3.10.14 (main, Apr  6 2024, 18:45:05) [GCC 9.4.0]",0.013261399539271234,0.013270290521633773,16949970993152,100.0,0.07517287075532175,1989947392,0.07046109386883348,0.6454088687896729
0.5807686949124995,NA,pytorch,0.0026431428604017757,0.0,NA,0,0,55.416774112032726,NA,NA,5.613764354694587e-10,128,1.0,128,True,NA,torch.float16,128,0022,112.5,1.3913444274515418e-05,pure_generative,128,NA,8,4 x NVIDIA A100-PCIE-40GB,True,9515.314297446392,4419853312,77.49484324192262,False,False,NA,2.0,1,NA,TinyLlama/TinyLlama-1.1B-Chat-v1.0,0022,True,0.2,NA,Unknown (no config attribute),text_generation,128,0.0010069052726700565,R4_High_Load_Cloud_API_Deployment,16384,NO_SHARD,saxony,0.0,16949970993152,1781335903.7126954,NA,NA,NA,6339690496,16384,NA,AMD EPYC 7742 64-Core Processor,3463.5483820020454,1100048384,NA,DistributedType.MULTI_GPU,112.5,False,0.0017013122849057255,1,6339690496,9515.314297446392,NA,NA,Germany,77.49484324192262,1.0,NA,1.0,1.3913444274515418e-05,False,False,2.4,,NA,False,NA,1.0776457786560059,False,NA,5,,2.309769957760987,NA,1.7218558933357508,NA,295.65055459340635,NA,Linux-5.15.0-113-generic-x86_64-with-glibc2.31,0.000927917131221534,NA,4419853312,greedy,NA,0.05,"April 17, 2025 at 01:48:32 AM",NA,0.000927917131221534,"3.10.14 (main, Apr  6 2024, 18:45:05) [GCC 9.4.0]",NA,0.0017013122849057255,16949970993152,100.0,0.0026431428604017757,3088973824,NA,1.0776457786560059
1.296456526881524,NA,pytorch,0.005900317704563025,0.0,NA,0,0,89.58836013183463,NA,NA,1.2531669667758473e-09,128,1.0,128,True,NA,torch.float32,128,0023,112.5,1.4254102266898356e-05,pure_generative,128,NA,4,4 x NVIDIA A100-PCIE-40GB,False,21241.14373642689,8818209280,138.78315046583745,False,False,NA,0.0,1,NA,TinyLlama/TinyLlama-1.1B-Chat-v1.0,0023,True,0.05,NA,Unknown (no config attribute),text_generation,128,0.002247726029553284,R2_Low_Latency_Chatbot_Deployment,16384,NO_SHARD,saxony,0.0,16949970993152,797978263.4813648,NA,NA,NA,12343836672,16384,NA,AMD EPYC 7742 64-Core Processor,2799.6362541198323,1100048384,NA,DistributedType.MULTI_GPU,112.5,False,0.0027534074850627814,1,12343836672,21241.14373642689,NA,NA,Germany,138.78315046583745,100.0,NA,1.0,1.4254102266898356e-05,False,False,2.4,,NA,False,NA,0.6987676620483398,False,NA,0,0.9,1.4287570373164586,NA,0.7713332296651583,NA,182.8809007765067,NA,Linux-5.15.0-113-generic-x86_64-with-glibc2.31,0.0031326561172333456,NA,8818209280,top_p,NA,0.01,"April 17, 2025 at 01:50:28 AM",NA,0.0031326561172333456,"3.10.14 (main, Apr  6 2024, 18:45:05) [GCC 9.4.0]",NA,0.0027534074850627814,16949970993152,100.0,0.005900317704563025,2005278720,NA,0.6987676620483398
3.0714786474790463,7.505713730585634e-06,pytorch,0.013978640600082415,0.0,2.4889728314574046e-06,0,0,11.320505382027477,0.004434495214263201,NA,2.968919898484066e-09,128,1.0,128,True,15084.025316218587,torch.float16,128,0027,112.5,2.376772092315663e-06,pure_generative,128,112.5,256,4 x NVIDIA A100-PCIE-40GB,False,7977.354397669123,1577710080,537.8114121038,True,False,0.0015961831789481865,0.0,4,112.5,TinyLlama/TinyLlama-1.1B-Chat-v1.0,0027,False,0,0.0008441592104977923,Unknown (no config attribute),text_generation,128,0.0008391162594864788,A1_Max_Throughput_Exploit,16384,NO_SHARD,saxony,100.0,16949970993152,336822829.24190754,19332.02823364793,7929.6982127610545,0.0020457044876689384,3577741312,16384,5.477101635947e-06,AMD EPYC 7742 64-Core Processor,11320.505382027477,1100048384,0.9843592643737793,DistributedType.MULTI_GPU,112.5,False,0.002339810242998283,4,3577741312,50323.106160296695,0.98508882522583,0.0007076752047178161,Germany,522.343343622829,100.0,0.004190007032282941,1.0,1.7848560290305704e-05,False,True,4.7,,112.5,False,0.0009280069146861933,0.9406299591064453,False,0.00537000784267998,0,,11.30691569682161,0.0018489170346915884,0.3255760872115332,0.002202693947989182,1447.285209193166,0.9848942756652832,Linux-5.15.0-113-generic-x86_64-with-glibc2.31,0.011620981796793828,410.6127023160595,1577710080,greedy,581.9485586382145,0,"April 17, 2025 at 01:52:29 AM",559.000701433242,0.001860714821909859,"3.10.14 (main, Apr  6 2024, 18:45:05) [GCC 9.4.0]",0.0003512879404661362,0.0003528401831281371,16949970993152,100.0,0.002215931777130312,2695057408,0.0034768547259291793,0.9737430810928345
0.1477111362735491,NA,pytorch,0.0006722497935293968,0.0,NA,0,0,9.514961999026127,NA,NA,1.4277896155005684e-10,128,1.0,128,True,NA,torch.float16,128,0028,112.5,1.9404801883320174e-06,pure_generative,128,NA,64,4 x NVIDIA A100-PCIE-40GB,False,2420.0992567058283,1087688704,164.0027244487015,False,False,NA,0.0,1,NA,TinyLlama/TinyLlama-1.1B-Chat-v1.0,0028,False,0,NA,Unknown (no config attribute),text_generation,128,0.00025609355884502374,A3_Quantisation_Gaming,16384,NO_SHARD,saxony,0.0,16949970993152,7003832981.719861,NA,NA,NA,1986002944,16384,NA,AMD EPYC 7742 64-Core Processor,4757.480999513064,615606272,NA,DistributedType.MULTI_GPU,112.5,False,0.0002958137359673855,1,1986002944,2420.0992567058283,NA,NA,Germany,164.0027244487015,100.0,NA,1.0,1.9404801883320174e-06,False,True,3.5,50,NA,False,NA,0.9302887916564941,True,NA,0,,13.452497236783607,NA,6.769970262418676,NA,1721.9196463083017,NA,Linux-5.15.0-113-generic-x86_64-with-glibc2.31,0.0003744955773736791,NA,1087688704,top_k,NA,0,"April 17, 2025 at 01:53:05 AM",NA,0.0003744955773736791,"3.10.14 (main, Apr  6 2024, 18:45:05) [GCC 9.4.0]",NA,0.0002958137359673855,16949970993152,79.0,0.0006722497935293968,2664247296,NA,0.9302887916564941
0.374694239418428,NA,pytorch,0.0017052751162865345,0.0,NA,0,0,37.811491435044445,NA,NA,3.6218294539334333e-10,128,1.0,128,True,NA,torch.float16,128,0029,112.5,7.651452869635972e-06,pure_generative,128,NA,32,4 x NVIDIA A100-PCIE-40GB,False,6138.990418631524,1576964608,49.44308899978168,True,False,NA,0.0,1,NA,TinyLlama/TinyLlama-1.1B-Chat-v1.0,0029,False,0,NA,Unknown (no config attribute),text_generation,128,0.0006496245555493553,A4_Latency_Ignorance_Exploit,16384,NO_SHARD,saxony,0.0,16949970993152,2761035583.588744,NA,NA,NA,2661285888,16384,NA,AMD EPYC 7742 64-Core Processor,9452.872858761111,1100048384,NA,DistributedType.MULTI_GPU,112.5,False,0.0011619649015574397,1,2661285888,6138.990418631524,NA,NA,Germany,49.44308899978168,100.0,NA,1.0,7.651452869635972e-06,False,True,2.4,,NA,False,NA,0.9343113899230957,False,NA,0,,3.385214260058704,NA,2.6688427384208633,NA,433.3074252875141,NA,Linux-5.15.0-113-generic-x86_64-with-glibc2.31,0.0005356587618594588,NA,1576964608,greedy,NA,0,"April 17, 2025 at 01:54:08 AM",NA,0.0005356587618594588,"3.10.14 (main, Apr  6 2024, 18:45:05) [GCC 9.4.0]",NA,0.0011619649015574397,16949970993152,100.0,0.0017052751162865345,2677825536,NA,0.9343113899230957
0.17861099202149916,NA,pytorch,0.0008128784703556228,0.0,NA,0,0,3.517818019958213,NA,NA,1.7264705021988116e-10,128,1.0,128,True,NA,torch.float16,128,0030,112.5,9.137429422189271e-07,pure_generative,128,NA,256,4 x NVIDIA A100-PCIE-40GB,False,2926.3624932802422,4419853312,517.7043078945483,,False,NA,0.0,4,NA,TinyLlama/TinyLlama-1.1B-Chat-v1.0,0030,False,0,NA,Unknown (no config attribute),text_generation,128,0.0003096660532819745,A0_platonic_ideal,16384,NO_SHARD,saxony,0.0,16949970993152,5792163832.0864,NA,NA,NA,6603931648,16384,NA,AMD EPYC 7742 64-Core Processor,3517.818019958213,1100048384,NA,DistributedType.MULTI_GPU,112.5,False,0.00011257083456439432,1,6603931648,2926.3624932802422,NA,NA,Germany,517.7043078945483,91.0,NA,0,9.137429422189271e-07,False,False,2.4,,NA,False,NA,1.0744171142578125,,NA,0,,36.386191461240074,NA,5.598759565030753,NA,4657.432507038729,NA,Linux-5.15.0-113-generic-x86_64-with-glibc2.31,0.0006993938928490095,NA,4419853312,greedy,NA,0,"April 17, 2025 at 01:54:37 AM",NA,0.0006993938928490095,"3.10.14 (main, Apr  6 2024, 18:45:05) [GCC 9.4.0]",NA,0.00011257083456439432,16949970993152,6.0,0.0008128784703556228,3082182656,NA,1.0744171142578125
0.580421085210943,NA,pytorch,0.0026415608500266917,2.0,NA,0,0,54.831472443882376,NA,NA,5.610404326908934e-10,128,1.0,128,True,NA,torch.float16,128,0031,112.5,1.3838368716626003e-05,pure_generative,128,NA,8,4 x NVIDIA A100-PCIE-40GB,True,9509.61906009609,4419853312,70.2826956010041,False,False,NA,2.0,1,NA,TinyLlama/TinyLlama-1.1B-Chat-v1.0,0031,True,0.2,NA,Unknown (no config attribute),text_generation,128,0.0010063026058176683,R4_High_Load_Cloud_API_Deployment,16384,NO_SHARD,saxony,0.0,16949970993152,1782402732.0165575,NA,NA,NA,6606028800,16384,NA,AMD EPYC 7742 64-Core Processor,3426.9670277426485,1100048384,NA,DistributedType.MULTI_GPU,112.5,False,0.001684411726662802,1,6606028800,9509.61906009609,NA,NA,Germany,70.2826956010041,100.0,NA,1.0,1.3838368716626003e-05,False,False,2.4,,NA,False,NA,1.0760235786437988,False,NA,5,,2.334425728417241,NA,1.72288709952115,NA,298.80649323740687,NA,Linux-5.15.0-113-generic-x86_64-with-glibc2.31,0.0009433107546472641,NA,4419853312,greedy,NA,0.05,"April 17, 2025 at 01:55:57 AM",NA,0.0009433107546472641,"3.10.14 (main, Apr  6 2024, 18:45:05) [GCC 9.4.0]",NA,0.001684411726662802,16949970993152,100.0,0.0026415608500266917,3087327232,NA,1.0760235786437988
3.1899169491389356,7.239427312732809e-06,pytorch,0.01451766647074787,0.0,2.495185107120279e-06,0,0,11.328795747016557,0.004332539021587145,NA,3.0834034651627113e-09,128,1.0,128,True,16767.041365284895,torch.float16,128,0032,112.5,2.3353157891726807e-06,pure_generative,128,112.5,256,4 x NVIDIA A100-PCIE-40GB,False,8297.743938605976,1577423360,782.8113634754409,True,False,0.00200720903885205,0.0,4,112.5,TinyLlama/TinyLlama-1.1B-Chat-v1.0,0032,False,0,0.0008780626537255408,Unknown (no config attribute),text_generation,128,0.001774279002251467,A1_Max_Throughput_Exploit,16384,NO_SHARD,saxony,100.0,16949970993152,324316947.586757,18968.243968676677,8230.570022124779,0.0008709543472023429,3577741312,16384,6.208664648841115e-06,AMD EPYC 7742 64-Core Processor,11328.795747016557,1100048384,0.9847068786621094,DistributedType.MULTI_GPU,112.5,False,0.0024412376758173203,4,3577741312,52263.59929469232,0.9851489067077637,0.0008081950290015814,Germany,398.4730943357109,100.0,0.004657511490356915,1.0,1.8278592857866884e-05,False,True,4.7,,112.5,False,0.0009291782090658674,0.9332027435302734,False,0.0052689566579657435,0,,11.298641343561062,0.0019326821017005003,0.31348778540141403,0.0022862694505902162,1446.226091975816,0.9850387573242186,Linux-5.15.0-113-generic-x86_64-with-glibc2.31,0.012058150202072682,35.31890468349255,1577423360,greedy,5.928757853925182,0,"April 17, 2025 at 01:57:00 AM",769.8333513299851,0.0019498212820785454,"3.10.14 (main, Apr  6 2024, 18:45:05) [GCC 9.4.0]",0.00035109216378259594,0.0003527722739672754,16949970993152,100.0,0.0023049288718349934,2673999872,0.003843107796706491,0.9720243215560913
0.1487144419981709,NA,pytorch,0.0006768159493605645,0.0,NA,0,0,9.600654016016051,NA,NA,1.437487662180911e-10,128,1.0,128,True,NA,torch.float16,128,0033,112.5,1.9257071878423154e-06,pure_generative,128,NA,64,4 x NVIDIA A100-PCIE-40GB,False,2436.537417698032,1087688704,168.76553295229746,False,False,NA,0.0,1,NA,TinyLlama/TinyLlama-1.1B-Chat-v1.0,0033,False,0,NA,Unknown (no config attribute),text_generation,128,0.0002578330359089071,A3_Quantisation_Gaming,16384,NO_SHARD,saxony,0.0,16949970993152,6956581446.291035,NA,NA,NA,1986002944,16384,NA,AMD EPYC 7742 64-Core Processor,4800.327008008026,615606272,NA,DistributedType.MULTI_GPU,112.5,False,0.0002990902193105285,1,1986002944,2436.537417698032,NA,NA,Germany,168.76553295229746,100.0,NA,1.0,1.9257071878423154e-06,False,True,2.5,50,NA,False,NA,0.9216871261596681,True,NA,0,,13.332425039634508,NA,6.724296487709642,NA,1706.550405073217,NA,Linux-5.15.0-113-generic-x86_64-with-glibc2.31,0.00037580002286219383,NA,1087688704,top_k,NA,0,"April 17, 2025 at 01:57:35 AM",NA,0.00037580002286219383,"3.10.14 (main, Apr  6 2024, 18:45:05) [GCC 9.4.0]",NA,0.0002990902193105285,16949970993152,100.0,0.0006768159493605645,2639618048,NA,0.9216871261596681
2.578603993575761,3.2488848566825417e-06,pytorch,0.01173551328631813,4.0,2.419249257068811e-06,0,0,12.20010082400404,0.002817336976088214,NA,2.492502662559949e-09,128,1.0,128,True,11634.444684916916,torch.float16,128,0034,112.5,3.0140721249774144e-06,pure_generative,128,112.5,32,4 x NVIDIA A100-PCIE-40GB,False,9249.41892885951,4419853312,919.5997533151805,False,False,0.0012311504729775277,0.0,4,112.5,TinyLlama/TinyLlama-1.1B-Chat-v1.0,0034,True,0.1,0.0009787683724858417,Unknown (no config attribute),text_generation,128,0.00099552525494369,R6_Medium_Scale_Language_Model_Serving,16384,NO_SHARD,saxony,100.0,16949970993152,401203182.25575745,11956.211759173111,9407.77245779573,0.0012651996860158323,6870269952,16384,3.1165277810100924e-06,AMD EPYC 7742 64-Core Processor,3050.02520600101,1100048384,0.847731113433838,DistributedType.MULTI_GPU,112.5,False,0.0017528932423174412,4,6870269952,42247.84783074527,0.8467626571655273,0.0004854350789992169,Germany,641.9518572043711,100.0,0.003231790190254699,1.0,1.1798734019738858e-05,False,False,4.9,,112.5,False,0.0005005840721587447,1.0786471366882324,False,0.0033211699331036418,0,,10.491716572387372,0.0022239926125289244,0.3878067367037991,0.002613270127165481,1342.9397212655836,0.8450160026550293,Linux-5.15.0-113-generic-x86_64-with-glibc2.31,0.009970821309980948,575.1054098304218,4419853312,greedy,403.5193245489762,0.01,"April 17, 2025 at 01:58:23 AM",669.5829411229059,0.002186253137889338,"3.10.14 (main, Apr  6 2024, 18:45:05) [GCC 9.4.0]",0.0003868582653794875,0.0003800158257799921,16949970993152,100.0,0.0025692830357943084,3094085632,0.002743238583474472,0.9045392274856567
0.14093329389230375,NA,pytorch,0.0006414030797587513,3.0,NA,0,0,3.4697029259987175,NA,NA,1.362274359091464e-10,128,1.0,128,True,NA,torch.float16,128,0035,112.5,9.073466823521183e-07,pure_generative,128,NA,256,4 x NVIDIA A100-PCIE-40GB,False,2309.0510871315046,4419853312,594.6728388870272,,False,NA,0.0,4,NA,TinyLlama/TinyLlama-1.1B-Chat-v1.0,0035,False,0,NA,Unknown (no config attribute),text_generation,128,0.0002443425032340963,A0_platonic_ideal,16384,NO_SHARD,saxony,0.0,16949970993152,7340665214.215189,NA,NA,NA,6603931648,16384,NA,AMD EPYC 7742 64-Core Processor,3469.7029259987175,1100048384,NA,DistributedType.MULTI_GPU,112.5,False,0.00011107919843561832,1,6603931648,2309.0510871315046,NA,NA,Germany,594.6728388870272,100.0,NA,0,9.073466823521183e-07,False,False,2.5,,NA,False,NA,1.0763325691223145,,NA,0,,36.89076636529525,NA,7.09555543890264,NA,4722.018094757792,NA,Linux-5.15.0-113-generic-x86_64-with-glibc2.31,0.0005294165346407809,NA,4419853312,greedy,NA,0,"April 17, 2025 at 01:58:52 AM",NA,0.0005294165346407809,"3.10.14 (main, Apr  6 2024, 18:45:05) [GCC 9.4.0]",NA,0.00011107919843561832,16949970993152,0.0,0.0006414030797587513,3085709312,NA,1.0763325691223145
0.42068569379176807,2.0802635118985043e-06,pytorch,0.0019145873353012023,0.0,NA,0,0,4.983363708015531,0.0008595501320849408,NA,4.066387140054098e-10,128,1.0,128,True,NA,torch.float16,128,0036,112.5,1.2499327279695149e-06,pure_generative,128,112.5,128,4 x NVIDIA A100-PCIE-40GB,False,2878.5890500284636,1087688704,0.0,False,False,NA,0.0,2,NA,TinyLlama/TinyLlama-1.1B-Chat-v1.0,0036,False,0,0.0004247513513251199,Unknown (no config attribute),text_generation,128,0.00030461069405787316,A2_Precision_Minimalist,16384,NO_SHARD,saxony,0.0,16949970993152,2459185428.1407557,4013.9253570558644,NA,NA,2621440000,16384,NA,AMD EPYC 7742 64-Core Processor,4983.363708015531,615606272,0.9696006774902344,DistributedType.MULTI_GPU,112.5,False,0.0004447354102867394,2,2621440000,6892.514407084328,NA,NA,Germany,223.25370940856655,100.0,NA,1.0,3.3301962398680194e-06,False,True,3.2,,NA,False,0.0002533488702520117,0.927605152130127,True,0.0011149792658488513,0,,25.68546216968217,NA,2.3770715637765,NA,3287.739157719318,NA,Linux-5.15.0-113-generic-x86_64-with-glibc2.31,0.0014665217287745946,NA,1087688704,greedy,446.5074188171331,0,"April 17, 2025 at 01:59:30 AM",NA,0.0006069715966896538,"3.10.14 (main, Apr  6 2024, 18:45:05) [GCC 9.4.0]",NA,0.0001913865400347277,16949970993152,100.0,0.000799608069452351,2657886208,NA,0.9486029148101807
71.44893750596947,7.483299537622118e-05,pytorch,0.32517205336050103,0.0,6.331055327377131e-05,0,0,431.8656108779833,0.07178595687316314,200,6.906320916836664e-08,128,1.0,128,True,312808.0569881156,torch.float32,128,0037,112.5,6.997215982681135e-05,pure_generative,128,112.5,1,4 x NVIDIA A100-PCIE-40GB,True,271045.81495663244,8818209280,503.6438032997077,False,False,0.02881096914107406,6.0,4,112.5,TinyLlama/TinyLlama-1.1B-Chat-v1.0,0037,True,0.5,0.028681917557702538,Unknown (no config attribute),text_generation,128,0.03310117480822851,R7_anti_platonic_ideal,16384,NO_SHARD,saxony,100.0,16949970993152,14479489.326395724,314500.16011140565,272265.3600416501,0.033280232220677775,9357492224,16384,7.374841006768887e-05,AMD EPYC 7742 64-Core Processor,3373.9500849842443,1100048384,0.6295065879821777,DistributedType.MULTI_GPU,112.5,False,0.05748728781980935,4,9357492224,1170619.3920978038,0.627769947052002,0.015386464441946374,Germany,404.82433411216175,100.0,0.08689112694114322,1.2,0.0002818641185444927,False,False,5.9,,112.5,False,0.015500365717962268,0.6945347785949707,False,0.08736115558650157,20,,0.29638849858819705,0.062236412011309916,0.013996009386653949,0.07562926667823615,37.93772781928922,0.627509593963623,Linux-5.15.0-113-generic-x86_64-with-glibc2.31,0.2674029014221473,528.8184169833771,8818209280,greedy,0.0,0.4,"April 17, 2025 at 02:08:28 AM",586.835116165562,0.061949618448545074,"3.10.14 (main, Apr  6 2024, 18:45:05) [GCC 9.4.0]",0.013329544113652435,0.013270913546248273,16949970993152,100.0,0.07529050415462013,1992855552,0.07143091408912916,0.6448302268981934
0.374317633195931,NA,pytorch,0.0017035611395228149,0.0,NA,0,0,37.65669761097524,NA,NA,3.618189143072793e-10,128,1.0,128,True,NA,torch.float16,128,0038,112.5,7.74921054670169e-06,pure_generative,128,NA,32,4 x NVIDIA A100-PCIE-40GB,False,6132.820102282133,1576852992,55.6700280622454,True,False,NA,0.0,1,NA,TinyLlama/TinyLlama-1.1B-Chat-v1.0,0038,False,0,NA,Unknown (no config attribute),text_generation,128,0.0006489716161012163,A4_Latency_Ignorance_Exploit,16384,NO_SHARD,saxony,0.0,16949970993152,2763813500.227181,NA,NA,NA,2661285888,16384,NA,AMD EPYC 7742 64-Core Processor,9414.17440274381,1100048384,NA,DistributedType.MULTI_GPU,112.5,False,0.0011568781644964478,1,2661285888,6132.820102282133,NA,NA,Germany,55.6700280622454,2.0,NA,1.0,7.74921054670169e-06,False,True,2.4,,NA,False,NA,0.9424266815185547,False,NA,0,,3.3991297198268846,NA,2.6715278985442956,NA,435.08860413784123,NA,Linux-5.15.0-113-generic-x86_64-with-glibc2.31,0.0005389337644796655,NA,1576852992,greedy,NA,0,"April 17, 2025 at 02:09:32 AM",NA,0.0005389337644796655,"3.10.14 (main, Apr  6 2024, 18:45:05) [GCC 9.4.0]",NA,0.0011568781644964478,16949970993152,100.0,0.0017035611395228149,2700804096,NA,0.9424266815185547
9.921798593065098,NA,pytorch,0.045155207819105155,0.0,NA,0,0,1104.0538957704557,NA,NA,9.590503028852045e-09,128,1.0,128,True,NA,torch.float16,128,0039,112.5,0.00020457879951993237,pure_generative,128,NA,1,4 x NVIDIA A100-PCIE-40GB,True,162558.74814877857,1576118272,35.22903086958132,True,False,NA,5.0,1,NA,TinyLlama/TinyLlama-1.1B-Chat-v1.0,0039,True,0.6,NA,Unknown (no config attribute),text_generation,128,0.01720187641868811,R5_Real_Time_Mobile_Inference,16384,NO_SHARD,saxony,0.0,16949970993152,104269817.44248477,NA,NA,NA,2665480192,16384,NA,AMD EPYC 7742 64-Core Processor,8625.421060706685,1100048384,NA,DistributedType.MULTI_GPU,112.5,False,0.033738645327783125,1,2665480192,162558.74814877857,NA,NA,Germany,35.22903086958132,100.0,NA,1.0,0.00020457879951993237,False,True,3.2,,NA,False,NA,0.8698167800903321,False,NA,8,0.9,0.11593636913049082,NA,0.1007881777300898,NA,14.839855248702825,NA,Linux-5.15.0-113-generic-x86_64-with-glibc2.31,0.011211983691802097,NA,1576118272,top_p,NA,0.2,"April 17, 2025 at 02:28:21 AM",NA,0.011211983691802097,"3.10.14 (main, Apr  6 2024, 18:45:05) [GCC 9.4.0]",NA,0.033738645327783125,16949970993152,100.0,0.045155207819105155,2492747776,NA,0.8698167800903321
1.584853930710933,1.9234230080351892e-06,pytorch,0.007212846333546645,2.0,1.2458267693280305e-06,0,0,6.296900844958145,0.0018026708865779284,NA,1.5319345862750215e-09,128,1.0,128,True,7618.231465158787,torch.float16,128,0043,112.5,1.578467101891299e-06,pure_generative,128,112.5,64,4 x NVIDIA A100-PCIE-40GB,False,5408.492847168126,4419853312,803.0317046243302,False,False,0.0008061570212922888,0.0,4,112.5,TinyLlama/TinyLlama-1.1B-Chat-v1.0,0043,False,0,0.000570004985926393,Unknown (no config attribute),text_generation,128,0.0005723237083690827,A5_Parallel_Overdrive,16384,NO_SHARD,saxony,100.0,16949970993152,652769386.4733167,7552.941705306703,5386.580783134307,0.0007992480951768302,6870269952,16384,1.9318149614154216e-06,AMD EPYC 7742 64-Core Processor,3148.4504224790726,1100048384,0.8466997146606446,DistributedType.MULTI_GPU,112.5,False,0.000986046547843216,4,6870269952,25966.246800767924,0.8585271835327148,0.0002962451931871329,Germany,700.2250226124866,100.0,0.002116175406988552,1.0,6.67953184066994e-06,False,False,5.5,,112.5,False,0.00029344505299923183,1.078385353088379,False,0.0020980393625851953,0,,20.327459992082947,0.001297143815490287,0.6309729752516817,0.0014962724397595299,2601.914878986617,0.8466324806213379,Linux-5.15.0-113-generic-x86_64-with-glibc2.31,0.00622012025386276,570.6267255914975,4419853312,greedy,630.2732225032648,0,"April 17, 2025 at 02:30:08 AM",796.9684377308538,0.0013023071529545405,"3.10.14 (main, Apr  6 2024, 18:45:05) [GCC 9.4.0]",0.00019788279749991488,0.00019847350415693653,16949970993152,100.0,0.0015023591242133683,3091668992,0.001817998398840004,0.907561182975769
1.2963110652284204,NA,pytorch,0.005899655692417345,0.0,NA,0,0,89.85952545085456,NA,NA,1.253026362185703e-09,128,1.0,128,True,NA,torch.float32,128,0044,112.5,1.4289739781080189e-05,pure_generative,128,NA,4,4 x NVIDIA A100-PCIE-40GB,False,21238.76049270244,8818209280,140.5911959748405,False,False,NA,0.0,1,NA,TinyLlama/TinyLlama-1.1B-Chat-v1.0,0044,True,0.05,NA,Unknown (no config attribute),text_generation,128,0.0022474738360263877,R2_Low_Latency_Chatbot_Deployment,16384,NO_SHARD,saxony,0.0,16949970993152,798067806.2157134,NA,NA,NA,12343836672,16384,NA,AMD EPYC 7742 64-Core Processor,2808.110170339205,1100048384,NA,DistributedType.MULTI_GPU,112.5,False,0.0027601051190958964,1,12343836672,21238.76049270244,NA,NA,Germany,140.5911959748405,0.0,NA,1.0,1.4289739781080189e-05,False,False,3.6,,NA,False,NA,0.6985173225402832,False,NA,0,0.9,1.4244455371623903,NA,0.7714197825070574,NA,182.32902875678596,NA,Linux-5.15.0-113-generic-x86_64-with-glibc2.31,0.0031252608335403664,NA,8818209280,top_p,NA,0.01,"April 17, 2025 at 02:32:05 AM",NA,0.0031252608335403664,"3.10.14 (main, Apr  6 2024, 18:45:05) [GCC 9.4.0]",NA,0.0027601051190958964,16949970993152,100.0,0.005899655692417345,2003542016,NA,0.6985173225402832
10.29987609705483,2.5152639325023713e-05,pytorch,0.04687588054837398,0.0,9.451891707441517e-06,0,0,43.364495806978084,0.013792907145424138,NA,9.955956269324868e-09,128,1.0,128,True,57710.328648482624,torch.float16,128,0045,112.5,8.836334492050304e-06,pure_generative,128,112.5,32,4 x NVIDIA A100-PCIE-40GB,True,24809.179339998875,1577010688,358.3050863081845,True,False,0.0065024276303938386,4.0,4,112.5,TinyLlama/TinyLlama-1.1B-Chat-v1.0,0045,True,1.5,0.00262529357488127,Unknown (no config attribute),text_generation,128,0.0026227705733392207,R3_Balanced_Enterprise_Service,16384,NO_SHARD,saxony,100.0,16949970993152,100442385.73858379,61448.32515925402,24785.336826410803,0.006106874916288738,2837446656,16384,2.3416508090618414e-05,AMD EPYC 7742 64-Core Processor,10841.123951744521,1100048384,0.988755226135254,DistributedType.MULTI_GPU,112.5,False,0.008994942090195763,4,2837446656,168753.16997414632,0.9885349273681642,0.003048891083159105,Germany,250.92456441623688,95.0,0.01603064684680073,1.0,6.685737361513395e-05,False,True,4.7,50,112.5,False,0.0032509194261547223,0.9367318153381348,False,0.017068979210903893,5,,2.9517234691196994,0.005515886079368926,0.09708854655891855,0.006884815785114112,377.8206040473215,0.9888424873352052,Linux-5.15.0-113-generic-x86_64-with-glibc2.31,0.03781408108456308,289.41588108390584,1577010688,top_k,351.4045423835387,0.5,"April 17, 2025 at 02:34:22 AM",4.572747889318466,0.005546948604219004,"3.10.14 (main, Apr  6 2024, 18:45:05) [GCC 9.4.0]",0.0013594778140377456,0.0013356537668441893,16949970993152,100.0,0.006891438705555243,2683949056,0.01295833925555101,0.9757161140441895
