global_energy_metrics_local_process_results_cpu_energy_process_2,setup_python_version,variables_decode_token_to_text,global_energy_metrics_local_process_results_ram_power_process_1,global_energy_metrics_local_process_results_total_energy_joules_process_0,variables_latency_simulation_delay_min,global_energy_metrics_local_process_results_total_energy_kwh_process_2,model_architecture_total_params,global_energy_metrics_local_process_results_total_energy_joules_process_3,variables_decoder_config_decoder_temperature,global_energy_metrics_local_process_results_cpu_energy_process_3,compute_metrics_memory_gpu_max_memory_allocated_bytes,global_energy_metrics_local_process_results_cpu_power_process_0,setup_task_type,global_energy_metrics_local_process_results_ram_energy_process_3,variables_quantisation_quantization,compute_metrics_flops,global_energy_metrics_global_experiment_results_ram_power_avg,setup_is_encoder_decoder,global_energy_metrics_local_process_results_ram_power_process_3,inference_metrics_inference_performance_throughput_queries_per_sec,compute_metrics_compute_utilisation_cpu_memory_usage_bytes,variables_backend,variables_batching_options_adaptive_batching,global_energy_metrics_local_process_results_gpu_power_process_3,variables_decoder_config_decoder_top_k,variables_latency_simulation_simulate_burst,global_energy_metrics_per-process_emissions_0,global_energy_metrics_local_process_results_gpu_power_process_2,setup_model,variables_quantisation_load_in_8bit,global_energy_metrics_global_derived_quantities_joules_per_token,inference_metrics_raw_inference_metrics_total_input_tokens,variables_latency_simulation_simulate,setup_available_gpu_count,inference_metrics_inference_performance_throughput_tokens_per_sec,global_energy_metrics_per-process_emissions_1,global_energy_metrics_per-process_emissions_3,variables_latency_simulation_delay_max,variables_batching_options_batch_size___fixed_batching,inference_metrics_inference_performance_average_latency_ms_per_batch,compute_metrics_memory_gpu_current_memory_reserved_bytes,global_energy_metrics_global_experiment_results_total_energy_joules,global_energy_metrics_global_experiment_results_gpu_power_avg,variables_accelerate_config_num_processes,global_energy_metrics_local_process_results_total_energy_kwh_process_3,global_energy_metrics_global_derived_quantities_tokens_per_joule,compute_metrics_compute_utilisation_gpu_utilization_percent_3,global_energy_metrics_local_process_results_gpu_energy_process_1,setup_cycle_id,variables_batching_options_adaptive_max_tokens,inference_metrics_inference_performance_total_inference_time_sec,global_energy_metrics_local_process_results_total_energy_joules_process_1,global_energy_metrics_local_process_results_gpu_power_process_1,variables_sharding_config_sharding_strategy,variables_sharding_config_fsdp_config_cpu_offload,global_energy_metrics_local_process_results_total_energy_kwh_process_0,variables_max_input_tokens,global_energy_metrics_local_process_results_cpu_energy_process_1,inference_metrics_raw_inference_metrics_total_generated_tokens,global_energy_metrics_local_process_results_cpu_energy_process_0,setup_available_cpu_count,global_energy_metrics_experiment_id,global_energy_metrics_local_process_results_cpu_power_process_1,variables_latency_simulation_burst_size,variables_quantisation_cached_flops_for_quantised_models,global_energy_metrics_local_process_results_total_energy_joules_process_2,compute_metrics_compute_utilisation_gpu_utilization_percent_2,variables_decoder_config_decoding_mode,global_energy_metrics_local_process_results_gpu_energy_process_2,global_energy_metrics_local_process_results_total_energy_kwh_process_1,global_energy_metrics_global_experiment_results_cpu_power_avg,variables_sharding_config_fsdp_config_use_orig_params,global_energy_metrics_local_process_results_gpu_energy_process_3,setup_gpu_model,global_energy_metrics_global_experiment_results_total_energy_kwh,variables_number_input_prompts,variables_inference_type,compute_metrics_compute_utilisation_gpu_utilization_percent_0,compute_metrics_memory_gpu_current_memory_allocated_bytes,variables_decoder_config_decoder_top_p,variables_max_output_tokens,global_energy_metrics_local_process_results_ram_energy_process_2,inference_metrics_raw_inference_metrics_number_input_prompts,global_energy_metrics_global_experiment_results_cpu_energy_total,global_energy_metrics_local_process_results_ram_energy_process_1,setup_country,global_energy_metrics_local_process_results_ram_power_process_0,variables_accelerate_config_distributed_type,variables_query_rate,global_energy_metrics_local_process_results_cpu_power_process_2,model_architecture_architecture,variables_config_name,global_energy_metrics_local_process_results_cpu_power_process_3,setup_os,variables_quantisation_load_in_4bit,compute_metrics_compute_utilisation_cpu_usage_percent,global_energy_metrics_per-process_emissions_2,global_energy_metrics_local_process_results_ram_energy_process_0,global_energy_metrics_local_process_results_gpu_power_process_0,setup_region,global_energy_metrics_global_derived_quantities_flops_per_joule,global_energy_metrics_local_process_results_gpu_energy_process_0,variables_latency_simulation_burst_interval,global_energy_metrics_global_experiment_results_gpu_energy_total,setup_experiment_id,variables_fp_precision,global_energy_metrics_local_process_results_ram_power_process_2,global_energy_metrics_global_experiment_results_ram_energy_total,compute_metrics_compute_utilisation_gpu_utilization_percent_1,setup_date_time,variables_batching_options_max_batch_size___adaptive_batching,compute_metrics_memory_gpu_max_memory_reserved_bytes,setup_cpu_model,global_energy_metrics_global_derived_quantities_joules_per_flop
NA,"3.10.14 (main, Apr  6 2024, 18:45:05) [GCC 9.4.0]",True,NA,18001.912706673644,0.01,NA,1235814400,NA,1.0,NA,9907380736,112.5,text_generation,NA,False,20248623316992,0.6580939292907715,False,NA,1.8749534088450532,1887383552,pytorch,False,NA,,False,0.00190495240155759,NA,meta-llama/Llama-3.2-1B,False,1.0987495548506863,16384,True,1,239.99403633216681,NA,NA,0.05,4,2133.38634503134,13511950336,18001.912706673644,181.64026434808488,1,NA,0.9101255109367432,0.0,NA,1,0,68.26836304100289,NA,NA,NO_SHARD,False,0.005000531307409345,128,NA,16384,0.002087518550063578,128,2118,NA,0,16949970993152,NA,0.0,top_p,NA,NA,112.5,False,NA,4 x NVIDIA A100-PCIE-40GB,0.005000531307409345,128,pure_generative,11.0,9907380736,0.9,128,NA,128,0.002087518550063578,NA,Germany,0.6580939292907715,DistributedType.MULTI_GPU,1.0,NA,Unknown (no config attribute),R2_Low_Latency_Chatbot_Deployment,NA,Linux-5.15.0-113-generic-x86_64-with-glibc2.31,False,0.1,NA,1.0510713123835251e-05,181.64026434808488,saxony,1124803994.271423,0.002902502044221933,0.0,0.002902502044221933,2118,torch.float32,NA,1.0510713123835251e-05,0.0,"April 20, 2025 at 04:21:59 PM",0,13511950336,AMD EPYC 7742 64-Core Processor,8.890437845997665e-10
0.0009361987522179335,"3.10.14 (main, Apr  6 2024, 18:45:05) [GCC 9.4.0]",True,0.7184028625488282,10533.683069654026,0.5,0.0028132399110408672,1235814400,10233.647547836725,1.0,0.0009456682670956982,2039403520,112.5,text_generation,4.867593589544013e-06,True,16949970993152,0.7071347236633301,False,0.7155675888061523,4.066089838720854,1951813632,pytorch,False,223.47806828199435,50,True,0.0011146684903846392,229.0326964828823,meta-llama/Llama-3.2-1B,True,2.526942471704064,16384,True,4,520.4594993562694,0.0010717037441110185,0.0011117847083562714,1.5,32,7869.9687585030915,3682598912,41401.42545639938,175.4262503266794,4,0.0028426798743990903,0.39573516658875185,100.0,0.001923454316540285,1,0,31.479875034012366,10506.43115916151,10.03485459958281,NO_SHARD,False,0.002926023074903896,128,0.0009898600306232767,16384,0.0009725346630621062,128,2119,112.5,5,16949970993152,10127.663679747122,100.0,top_k,0.0018722620533639933,0.002918453099767086,112.5,False,0.0018921440137138479,4 x NVIDIA A100-PCIE-40GB,0.01150039596011094,128,pure_generative,0.0,2039403520,,128,4.779105458940595e-06,128,0.0038442617129990147,5.138752603524463e-06,Germany,0.6812853813171387,DistributedType.MULTI_GPU,1.0,112.5,Unknown (no config attribute),R3_Balanced_Enterprise_Service,112.5,Linux-5.15.0-113-generic-x86_64-with-glibc2.31,False,2.4,0.0010829188981523335,4.7990751140296865e-06,239.15938194225822,saxony,409405492.83749497,0.0019486893367277602,4.0,0.0076365497203458865,2119,torch.float16,0.7132830619812012,1.958452676603876e-05,100.0,"April 20, 2025 at 04:23:03 PM",0,3682598912,AMD EPYC 7742 64-Core Processor,2.442566153837436e-09
0.0001017246138126211,"3.10.14 (main, Apr  6 2024, 18:45:05) [GCC 9.4.0]",True,0.6822652816772461,3273.589006345116,0,0.0009054373586244975,1235814400,3273.41499570702,1.0,0.0001018590866251543,4963390464,112.5,text_generation,5.338777823954417e-07,False,20248623316992,0.6775710582733154,False,0.6838703155517578,40.306100701389,1877262336,pytorch,False,928.5552114608606,,False,0.00034553238600809047,843.8465742167372,meta-llama/Llama-3.2-1B,False,0.7978442351691212,16384,False,4,5159.180889777792,0.00034640936999088114,0.00034639095628183033,0,256,3175.697916012723,27703377920,13071.879949010881,912.2121286001468,4,0.0009092819432519499,1.2533774838744398,100.0,0.0008041625877741598,1,0,3.175697916012723,3265.301455910554,864.6009345076486,NO_SHARD,False,0.00090933027954031,128,0.00010233142859397049,16384,0.00010193132768745272,128,2120,112.5,0,16949970993152,3259.5744910481912,100.0,greedy,0.0008031767536522683,0.0009070281821973762,112.5,False,0.0008068889788444,4 x NVIDIA A100-PCIE-40GB,0.0036310777636141336,128,pure_generative,3.0,4963390464,,128,5.359911596081761e-07,128,0.0004078464567191986,5.341658292457588e-07,Germany,0.6544332504272462,DistributedType.MULTI_GPU,1.0,112.5,Unknown (no config attribute),A1_Max_Throughput_Exploit,112.5,Linux-5.15.0-113-generic-x86_64-with-glibc2.31,False,2.4,0.00034492636176800234,5.099730084573523e-07,1011.8457942153411,saxony,1549021517.6374967,0.0008068889788444,0.0,0.003221117299115228,2120,torch.float16,0.6897153854370117,2.1140077797067287e-06,100.0,"April 20, 2025 at 04:23:37 PM",0,27703377920,AMD EPYC 7742 64-Core Processor,6.455688243279916e-10
NA,"3.10.14 (main, Apr  6 2024, 18:45:05) [GCC 9.4.0]",True,NA,8064.78882675951,0.05,NA,1235814400,NA,1.0,NA,4963390464,112.5,text_generation,NA,False,20248623316992,0.6512417793273926,False,NA,3.073891495770818,1867739136,pytorch,False,NA,,True,0.0008534114732094543,NA,meta-llama/Llama-3.2-1B,False,0.4922356461645209,16384,True,1,393.4581114586647,NA,NA,0.2,8,2602.564212499601,7197425664,8064.78882675951,97.56227653193848,1,NA,2.03154730420675,0.0,NA,1,0,41.64102739999362,NA,NA,NO_SHARD,False,0.0022402191185443084,128,NA,16384,0.0012756376390325387,128,2121,NA,5,16949970993152,NA,0.0,greedy,NA,NA,112.5,False,NA,4 x NVIDIA A100-PCIE-40GB,0.0022402191185443084,128,pure_generative,0.0,4963390464,,128,NA,128,0.0012756376390325387,NA,Germany,0.6512417793273926,DistributedType.MULTI_GPU,1.0,NA,Unknown (no config attribute),R4_High_Load_Cloud_API_Deployment,NA,Linux-5.15.0-113-generic-x86_64-with-glibc2.31,False,0.0,NA,6.441268555797245e-06,97.56227653193848,saxony,2510744391.695132,0.0009581402109559711,2.0,0.0009581402109559711,2121,torch.float16,NA,6.441268555797245e-06,0.0,"April 20, 2025 at 04:24:44 PM",0,7197425664,AMD EPYC 7742 64-Core Processor,3.982882539965962e-10
0.0002833522645632912,"3.10.14 (main, Apr  6 2024, 18:45:05) [GCC 9.4.0]",True,0.6834454536437988,5826.339456053009,0.01,0.0016023610057285893,1235814400,5767.638918986864,1.0,0.00028312998953060743,4963390464,112.5,text_generation,1.6517118728773674e-06,False,20248623316992,0.6759570837020874,False,0.6829261779785156,13.897763751086874,1871695872,pytorch,False,583.7853604845667,,False,0.0006103283461633461,241.97520049965348,meta-llama/Llama-3.2-1B,False,1.4182658464593119,16384,True,4,1778.9137601391199,0.0006104194251323062,0.000616540004384276,0.1,32,2302.528707001329,7549747200,23236.867628389366,404.5736328190068,4,0.0016021219219407956,0.7050864282577848,100.0,0.0013406438502916451,1,0,9.210114828005317,5874.389632726572,359.0527672460411,NO_SHARD,False,0.0016184276266813912,128,0.0002896297636575582,16384,0.0002864813783444333,128,2122,112.5,0,16949970993152,5768.499620622922,100.0,greedy,0.0013173402205373108,0.0016317748979796033,112.5,False,0.0013173402205373108,4 x NVIDIA A100-PCIE-40GB,0.00645468545233038,128,pure_generative,3.0,4963390464,,128,1.668520627987719e-06,128,0.0011425933960958902,1.5012840304001386e-06,Germany,0.6525263786315918,DistributedType.MULTI_GPU,1.0,112.5,Unknown (no config attribute),R6_Medium_Scale_Language_Model_Serving,112.5,Linux-5.15.0-113-generic-x86_64-with-glibc2.31,False,2.4,0.0006216246473853299,1.4251839212892663e-06,433.48120304576577,saxony,871400725.8126945,0.0013305210644156684,0.0,0.005305845355781935,2122,torch.float16,0.6849303245544434,6.246700452554492e-06,100.0,"April 20, 2025 at 04:25:27 PM",0,7549747200,AMD EPYC 7742 64-Core Processor,1.147577653286173e-09
NA,"3.10.14 (main, Apr  6 2024, 18:45:05) [GCC 9.4.0]",True,NA,2037.7880493730745,0,NA,749275136,NA,1.0,NA,1609970688,112.5,text_generation,NA,True,16949970993152,0.6670761108398438,False,NA,17.388963153143088,1911398400,pytorch,False,NA,50,False,0.00021563759928018686,NA,meta-llama/Llama-3.2-1B,False,0.12437671199786833,16384,False,1,2225.7872836023153,NA,NA,0,64,3680.495463493571,3539992576,2037.7880493730745,217.68706903588645,1,NA,8.040090334733554,0.0,NA,1,0,7.360990926987142,NA,NA,NO_SHARD,False,0.0005660522359369651,128,NA,16384,0.00022856721312473387,128,2123,NA,0,16949970993152,NA,0.0,top_k,NA,NA,112.5,False,NA,4 x NVIDIA A100-PCIE-40GB,0.0005660522359369651,128,pure_generative,0.0,1609970688,,128,NA,128,0.00022856721312473387,NA,Germany,0.6670761108398438,DistributedType.MULTI_GPU,1.0,NA,Unknown (no config attribute),A3_Quantisation_Gaming,NA,Linux-5.15.0-113-generic-x86_64-with-glibc2.31,True,0.0,NA,1.0911425863487075e-06,217.68706903588645,saxony,8317828244.388153,0.00033639388022588257,0.0,0.00033639388022588257,2123,torch.float16,NA,1.0911425863487075e-06,0.0,"April 20, 2025 at 04:26:00 PM",0,3539992576,AMD EPYC 7742 64-Core Processor,1.2022368947984432e-10
0.0009532668249385097,"3.10.14 (main, Apr  6 2024, 18:45:05) [GCC 9.4.0]",True,0.6960568428039551,20857.65859530969,0.5,0.005876037474823902,1235814400,20401.392748388924,1.0,0.0009174253625942586,9907380736,112.5,text_generation,5.1046607870597715e-06,False,20248623316992,0.6857571601867676,False,0.7019219398498535,4.224847337375327,1868623872,pytorch,False,838.781529991986,,True,0.00221737338875904,539.4721605078339,meta-llama/Llama-3.2-1B,False,5.088323714677239,16384,True,4,540.7804591840419,0.002207145844967563,0.0022384764760341657,1.5,16,3787.1190891219157,14487126016,83367.09574127189,705.9922706519908,4,0.005667053541219146,0.1965283767452739,100.0,0.004873305565308517,1,0,30.296952712975326,20954.30948820723,678.2203427258968,NO_SHARD,False,0.005793794054252692,128,0.0009421686400296494,16384,0.0009372794440964755,128,2124,112.5,5,16949970993152,21153.73490936605,100.0,greedy,0.004917511434006094,0.005820641524502008,112.5,False,0.004744523517837829,4 x NVIDIA A100-PCIE-40GB,0.02315752659479775,128,pure_generative,3.0,9907380736,,128,5.259215879296336e-06,128,0.003750140271658893,5.167319163842344e-06,Germany,0.6509413719177246,DistributedType.MULTI_GPU,1.0,112.5,Unknown (no config attribute),R1_Standard_Production_Config,112.5,Linux-5.15.0-113-generic-x86_64-with-glibc2.31,False,2.4,0.0021588640465274337,4.831839923926022e-06,767.4950493822465,saxony,242885075.18401742,0.004851682770232291,4.0,0.01938702328738473,2124,torch.float32,0.6941084861755371,2.0363035754124475e-05,100.0,"April 20, 2025 at 04:27:04 PM",0,14487126016,AMD EPYC 7742 64-Core Processor,4.117173520202377e-09
0.011541628162093276,"3.10.14 (main, Apr  6 2024, 18:45:05) [GCC 9.4.0]",True,0.6970868110656738,167505.9754789481,0.4,0.04660656947556896,1235814400,168458.38620928544,0.8,0.01159135520400196,9907380736,112.5,text_generation,6.35878540239341e-05,False,20248623316992,0.6855493783950806,False,0.6994185447692871,0.3419442239899457,1860182016,pytorch,False,300.8275710961242,,True,0.017826172840674247,346.1239572092832,meta-llama/Llama-3.2-1B,,40.943155301849465,16384,True,4,43.768860670713046,0.017725389266307023,0.017678687884782083,0.5,1,2924.453550732892,14369685504,670812.6564655016,319.5416363709732,4,0.046793996169245955,0.024424106853211395,100.0,0.03485456593918568,1,0,374.33005449381017,167064.64466521982,287.89129072485383,NO_SHARD,False,0.04652943763304114,128,0.011489573864882925,16384,0.011537177336942935,128,2125,112.5,8,16949970993152,167783.65011204826,100.0,greedy,0.035001897445939845,0.04640684574033884,112.5,False,0.03513905311122012,4 x NVIDIA A100-PCIE-40GB,0.1863368490181949,128,pure_generative,0.0,9907380736,,128,6.304386753578266e-05,128,0.04615973456792109,6.270593627021369e-05,Germany,0.6486525535583496,DistributedType.MULTI_GPU,1.0,112.5,Unknown (no config attribute),R7_anti_platonic_ideal,112.5,Linux-5.15.0-113-generic-x86_64-with-glibc2.31,,2.4,0.017754772641717997,5.853234913779204e-05,343.32372645363154,saxony,30185213.594033226,0.03493372794696037,4.0,0.139929244443306,2125,torch.float32,0.6970396041870117,0.0002478700069677225,100.0,"April 20, 2025 at 04:33:54 PM",0,14369685504,AMD EPYC 7742 64-Core Processor,3.312880317658816e-08
0.00015129236028133162,"3.10.14 (main, Apr  6 2024, 18:45:05) [GCC 9.4.0]",True,0.6789894104003906,3990.9193771843666,0,0.0011079580159918242,1235814400,3956.4066629817576,1.0,0.00014911529946812154,4963390464,112.5,text_generation,7.857920804691835e-07,False,20248623316992,0.6726429462432861,False,0.6827445030212402,26.659364028064157,1857613824,pytorch,False,841.7596706091853,,False,0.00041866475507302794,789.5391717689031,meta-llama/Llama-3.2-1B,False,0.9707478717518733,16384,False,4,3412.398595592212,0.0004199717913552427,0.0004223168713162179,0,64,2400.6574175073183,8327790592,15904.733130782693,807.1665965445713,4,0.001099001850828266,1.0301336001853256,100.0,0.0009520146504997662,1,0,4.801314835014637,3968.758233046,822.4113352692855,NO_SHARD,False,0.0011085887158845463,128,0.0001496278712502317,16384,0.000151961822843532,128,2126,112.5,0,16949970993152,3988.648857570567,100.0,greedy,0.0009558668758038458,0.0011024328425127778,112.5,False,0.0009491007592796752,4 x NVIDIA A100-PCIE-40GB,0.004417981425217415,128,pure_generative,0.0,4963390464,,128,7.987799066468646e-07,128,0.0006019973538432168,7.903207627801331e-07,Germany,0.6474781036376954,DistributedType.MULTI_GPU,1.0,112.5,Unknown (no config attribute),A5_Parallel_Overdrive,112.5,Linux-5.15.0-113-generic-x86_64-with-glibc2.31,False,2.4,0.0004220766061920854,7.600172371683745e-07,774.9562085309118,saxony,1273119338.1548765,0.0009558668758038458,0.0,0.003812849161387133,2126,torch.float16,0.6813597679138184,3.134909987064556e-06,100.0,"April 20, 2025 at 04:34:29 PM",0,8327790592,AMD EPYC 7742 64-Core Processor,7.854723198606765e-10
NA,"3.10.14 (main, Apr  6 2024, 18:45:05) [GCC 9.4.0]",True,NA,2199.683884824309,0,NA,1235814400,NA,1.0,NA,4963390464,112.5,text_generation,NA,False,20248623316992,0.655916690826416,False,NA,14.184518784654633,1881595904,pytorch,False,NA,,False,0.00023276932664550575,NA,meta-llama/Llama-3.2-1B,False,0.13425804961085872,16384,False,1,1815.618404435793,NA,NA,0,32,2255.980656504107,7549747200,2199.683884824309,0.0,1,NA,7.448342970112092,0.0,NA,1,0,9.023922626016429,NA,NA,NO_SHARD,False,0.000611023301340086,128,NA,16384,0.00028093280171879087,128,2128,NA,0,16949970993152,NA,0.0,greedy,NA,NA,112.5,False,NA,4 x NVIDIA A100-PCIE-40GB,0.000611023301340086,128,pure_generative,3.0,4963390464,,128,NA,128,0.00028093280171879087,NA,Germany,0.655916690826416,DistributedType.MULTI_GPU,1.0,NA,Unknown (no config attribute),A4_Latency_Ignorance_Exploit,NA,Linux-5.15.0-113-generic-x86_64-with-glibc2.31,False,0.1,NA,1.5655145795280324e-06,0.0,saxony,9205242379.00178,0.0003285249850417671,0.0,0.0003285249850417671,2128,torch.float16,NA,1.5655145795280324e-06,0.0,"April 20, 2025 at 04:35:20 PM",0,7549747200,AMD EPYC 7742 64-Core Processor,1.086337500771425e-10
NA,"3.10.14 (main, Apr  6 2024, 18:45:05) [GCC 9.4.0]",True,0.6836385726928711,2258.7514347202523,0,NA,749275136,NA,1.0,NA,1609970688,112.5,text_generation,NA,True,16949970993152,0.6723310947418213,False,NA,31.720757312159684,1893797888,pytorch,False,NA,,False,0.0002385359856077782,NA,meta-llama/Llama-3.2-1B,False,0.275447423543302,16384,False,2,4060.2569359564395,0.00023901982196018894,NA,0,128,4035.2126130019315,23630708736,4512.93058733346,1125.674963213909,2,NA,3.630456902214567,0.0,0.0004959906745700682,1,0,4.0352126130019315,2254.179152613208,1002.8067360092288,NO_SHARD,False,0.000627430954088959,128,0.00012936358946899417,16384,0.00012890955556258633,128,2129,112.5,0,16949970993152,NA,0.0,greedy,NA,0.0006261608757258911,112.5,False,NA,4 x NVIDIA A100-PCIE-40GB,0.0012535918298148502,128,pure_generative,0.0,1609970688,,128,NA,128,0.0002582731450315805,8.066116868286876e-07,Germany,0.6610236167907715,DistributedType.MULTI_GPU,1.0,NA,Unknown (no config attribute),A2_Precision_Minimalist,NA,Linux-5.15.0-113-generic-x86_64-with-glibc2.31,True,0.9,NA,7.787781101309845e-07,1248.5431904185891,saxony,3755867870.143151,0.0004977426204162416,0.0,0.0009937332949863098,2129,torch.float16,NA,1.5853897969596722e-06,100.0,"April 20, 2025 at 04:35:54 PM",0,23630708736,AMD EPYC 7742 64-Core Processor,2.662500478116889e-10
NA,"3.10.14 (main, Apr  6 2024, 18:45:05) [GCC 9.4.0]",True,NA,119571.74401761296,0.2,NA,1235814400,NA,1.0,NA,2038959104,112.5,text_generation,NA,True,16949970993152,0.6853752136230469,False,NA,0.15974685335363897,1962983424,pytorch,False,NA,,True,0.012653015523197126,NA,meta-llama/Llama-3.2-1B,True,7.29808007920001,16384,True,1,20.44759722926579,NA,NA,0.6,1,6259.9042109847005,3057647616,119571.74401761296,0.0,1,NA,0.13702233863534374,0.0,NA,1,0,801.2677390060417,NA,NA,NO_SHARD,False,0.03321437333822582,128,NA,16384,0.024454372284685676,128,2130,NA,8,16949970993152,NA,0.0,top_p,NA,NA,112.5,False,NA,4 x NVIDIA A100-PCIE-40GB,0.03321437333822582,128,pure_generative,0.0,2038959104,0.9,128,NA,128,0.024454372284685676,NA,Germany,0.6853752136230469,DistributedType.MULTI_GPU,1.0,NA,Unknown (no config attribute),R5_Real_Time_Mobile_Inference,NA,Linux-5.15.0-113-generic-x86_64-with-glibc2.31,False,0.1,NA,0.00012075108659047517,0.0,saxony,141755655.8400224,0.008639249966949647,5.0,0.008639249966949647,2130,torch.float16,NA,0.00012075108659047517,0.0,"April 20, 2025 at 04:49:41 PM",0,3057647616,AMD EPYC 7742 64-Core Processor,7.054392250341988e-09
0.0001011221011563066,"3.10.14 (main, Apr  6 2024, 18:45:05) [GCC 9.4.0]",True,0.6893162727355957,3252.6699349288715,0,0.0009017216874757449,1235814400,3254.715354037752,1.0,0.00010252730653110122,4963390464,112.5,text_generation,5.424287762838112e-07,False,20248623316992,0.6755050420761108,False,0.6820220947265625,40.03417260666229,1869471744,pytorch,False,980.4987472510805,,False,0.00034570285143120606,956.1778895930805,meta-llama/Llama-3.2-1B,False,0.7947079912174364,16384,False,4,5124.374093652773,0.00034351087684388504,0.00034419572547532044,0,256,3197.26852500753,27703377920,13020.495728106478,954.0161371245716,4,0.00090408759834382,1.2583238259226144,100.0,0.0008047209215544804,2,0,3.19726852500753,3266.9123642271734,947.1245382926135,NO_SHARD,False,0.000903519426369131,128,0.00010221282209386117,16384,0.00010199285746921306,128,2347,112.5,0,16949970993152,3246.198074912682,100.0,greedy,0.0008000636956064788,0.0009074756567297704,112.5,False,0.0008010178630364351,4 x NVIDIA A100-PCIE-40GB,0.0036168043689184665,128,pure_generative,0.0,4963390464,,128,5.358907129594752e-07,128,0.00040785508725048206,5.419130814288333e-07,Germany,0.6517052650451661,DistributedType.MULTI_GPU,1.0,112.5,Unknown (no config attribute),A1_Max_Throughput_Exploit,112.5,Linux-5.15.0-113-generic-x86_64-with-glibc2.31,False,2.4,0.0003444121705890783,5.08705863482793e-07,932.2633733615121,saxony,1555134592.4013202,0.0008010178630364351,0.0,0.0032068203432338294,2347,torch.float16,0.6789765357971191,2.1289384341549125e-06,100.0,"April 20, 2025 at 08:08:55 PM",0,27703377920,AMD EPYC 7742 64-Core Processor,6.43031159416161e-10
0.0009407843573430911,"3.10.14 (main, Apr  6 2024, 18:45:05) [GCC 9.4.0]",True,0.7155890464782715,10558.816408321802,0.5,0.002854972391653764,1235814400,10431.748060629769,1.0,0.0009546812024368592,2039387648,112.5,text_generation,4.960041730709859e-06,True,16949970993152,0.7067148685455322,False,0.7139711380004883,4.093215502461862,1952903168,pytorch,False,219.39221314053353,50,True,0.0011173280863194975,230.966477960167,meta-llama/Llama-3.2-1B,True,2.538123146607283,16384,True,4,523.9315843151184,0.0011038817843602529,0.0010876017326005014,1.5,32,7817.814620499121,3682598912,41584.60963401372,239.39454889044305,4,0.00289770779461938,0.39399191537916634,99.0,0.001916266810789935,2,0,31.271258481996483,10316.144555108604,229.1654658474563,NO_SHARD,False,0.0029330045578671673,128,0.0009444327855621849,16384,0.0009670132131259382,128,2348,112.5,5,16949970993152,10277.90060995355,99.0,top_k,0.0019093118052264657,0.00286559570975239,112.5,False,0.0019380665504518113,4 x NVIDIA A100-PCIE-40GB,0.0115512804538927,128,pure_generative,0.0,2039387648,,128,4.87622908420662e-06,128,0.0038069115584680735,4.896113400269651e-06,Germany,0.6816658973693848,DistributedType.MULTI_GPU,1.0,112.5,Unknown (no config attribute),R3_Balanced_Enterprise_Service,112.5,Linux-5.15.0-113-generic-x86_64-with-glibc2.31,False,2.4,0.001091648685630173,4.709775716585732e-06,278.0540386136153,saxony,407602022.5349894,0.001961281569024642,4.0,0.007724926735492854,2348,torch.float16,0.7156333923339845,1.9442159931771864e-05,100.0,"April 20, 2025 at 08:09:59 PM",0,3682598912,AMD EPYC 7742 64-Core Processor,2.4533734984451846e-09
NA,"3.10.14 (main, Apr  6 2024, 18:45:05) [GCC 9.4.0]",True,NA,2047.040271365641,0,NA,749275136,NA,1.0,NA,1609970688,112.5,text_generation,NA,True,16949970993152,0.6746149063110352,False,NA,17.586708587102283,1932713984,pytorch,False,NA,50,False,0.00021661666427131692,NA,meta-llama/Llama-3.2-1B,False,0.1249414228128443,16384,False,1,2251.098699149092,NA,NA,0,64,3639.111871503701,3544186880,2047.040271365641,195.22320285760583,1,NA,8.003750697620497,0.0,NA,2,0,7.278223743007402,NA,NA,NO_SHARD,False,0.0005686222976015669,128,NA,16384,0.0002259096435623178,128,2349,NA,0,16949970993152,NA,0.0,top_k,NA,NA,112.5,False,NA,4 x NVIDIA A100-PCIE-40GB,0.0005686222976015669,128,pure_generative,0.0,1609970688,,128,NA,128,0.0002259096435623178,NA,Germany,0.6746149063110352,DistributedType.MULTI_GPU,1.0,NA,Unknown (no config attribute),A3_Quantisation_Gaming,NA,Linux-5.15.0-113-generic-x86_64-with-glibc2.31,True,0.0,NA,1.0940474109581726e-06,195.22320285760583,saxony,8280233286.199188,0.00034161860662829113,0.0,0.00034161860662829113,2349,torch.float16,NA,1.0940474109581726e-06,0.0,"April 20, 2025 at 08:10:31 PM",0,3544186880,AMD EPYC 7742 64-Core Processor,1.207695442188468e-10
0.00014786540828163198,"3.10.14 (main, Apr  6 2024, 18:45:05) [GCC 9.4.0]",True,0.6795358657836914,4006.613918851807,0,0.0010839844884374186,1235814400,3987.367458760379,1.0,0.00015013372731255005,4963390464,112.5,text_generation,7.900792228185626e-07,False,20248623316992,0.6720539331436157,False,0.6827001571655273,26.787750221961154,1857605632,pytorch,False,801.612357854365,,False,0.0004219410092818796,846.7741133037373,meta-llama/Llama-3.2-1B,False,0.9705167116247171,16384,False,4,3428.8320284110277,0.0004237666918937357,0.00041294389087023466,0,64,2389.15173800342,8327790592,15900.945803259365,794.840197955429,4,0.001107602071877883,1.0303789600139144,100.0,0.000960452157250824,2,0,4.77830347600684,4004.6202672724726,778.1284584766897,NO_SHARD,False,0.0011129483107921686,128,0.00015114941653200732,16384,0.00015173980587496774,128,2350,112.5,0,16949970993152,3902.344158374707,100.0,greedy,0.0009353488038339464,0.001112394518686798,112.5,False,0.0009566782653425143,4 x NVIDIA A100-PCIE-40GB,0.004416929389794268,128,pure_generative,1.0,4963390464,,128,7.702763218401676e-07,128,0.0006008883580011571,7.929449039665432e-07,Germany,0.6474967002868652,DistributedType.MULTI_GPU,1.0,112.5,Unknown (no config attribute),A5_Parallel_Overdrive,112.5,Linux-5.15.0-113-generic-x86_64-with-glibc2.31,False,2.4,0.0004239776589962766,7.563476663766945e-07,752.8458621869241,saxony,1273422572.941633,0.000960452157250824,0.0,0.0038129313836781087,2350,torch.float16,0.6784830093383789,3.1096481150019677e-06,100.0,"April 20, 2025 at 08:11:07 PM",0,8327790592,AMD EPYC 7742 64-Core Processor,7.852852786251299e-10
0.0002838699405619991,"3.10.14 (main, Apr  6 2024, 18:45:05) [GCC 9.4.0]",True,0.693995475769043,5914.631878588232,0.01,0.0016267433028656023,1235814400,5811.600044405623,1.0,0.0002826111701569971,4963390464,112.5,text_generation,1.6566670149951976e-06,False,20248623316992,0.6823160648345947,False,0.6909613609313965,13.79997542114944,1901686784,pytorch,False,0.0,,False,0.0006258830594856076,745.550532400797,meta-llama/Llama-3.2-1B,False,1.4318841877395345,16384,True,4,1766.3968539071284,0.0006219519560156098,0.0006197078612266512,0.1,32,2318.8447097491007,7549747200,23459.99053192453,421.15344010824333,4,0.0016143333456682285,0.6983805035089221,100.0,0.0013456466320720395,2,0,9.275378838996403,5877.482718614504,585.0196143290041,NO_SHARD,False,0.0016429532996078424,128,0.0002854738882815582,16384,0.0002893321803749132,128,2351,112.5,0,16949970993152,5856.275890316168,100.0,greedy,0.0013412080174104446,0.001632634088504029,112.5,False,0.0013300655084962365,4 x NVIDIA A100-PCIE-40GB,0.006516664036645702,128,pure_generative,1.0,4963390464,,128,1.6653448931583258e-06,128,0.0011412871793754675,1.5135681504312705e-06,Germany,0.6630921363830566,DistributedType.MULTI_GPU,1.0,112.5,Unknown (no config attribute),R6_Medium_Scale_Language_Model_Serving,112.5,Linux-5.15.0-113-generic-x86_64-with-glibc2.31,False,2.4,0.0006149802880323116,1.4586486148390946e-06,354.0436137031722,saxony,863113021.6969833,0.0013521624706180901,0.0,0.005369082628596811,2351,torch.float16,0.6812152862548828,6.294228673423888e-06,100.0,"April 20, 2025 at 08:11:47 PM",0,7549747200,AMD EPYC 7742 64-Core Processor,1.1585968174062309e-09
0.011485422156315055,"3.10.14 (main, Apr  6 2024, 18:45:05) [GCC 9.4.0]",True,0.6983156204223633,165924.7767421907,0.4,0.04648538731087784,1235814400,168153.3171708246,0.8,0.011562873759061855,9907380736,112.5,text_generation,6.353988880648517e-05,False,20248623316992,0.6851849555969238,False,0.6980552673339844,0.3465737649009811,1877929984,pytorch,False,0.0,,True,0.0175580676944271,293.97725790447856,meta-llama/Llama-3.2-1B,,40.79178347719436,16384,True,4,44.36144190732558,0.017662015776597904,0.017793890604507118,0.5,1,2885.388627975658,14369685504,668332.5804903524,203.86567933466563,4,0.0467092547696735,0.02451474083154698,100.0,0.03483822009277571,2,0,369.3297443808842,166907.0922581768,277.10583284215136,NO_SHARD,False,0.04609021576171964,128,0.011462041764910738,16384,0.011360877579679707,128,2352,112.5,8,16949970993152,167347.39431916023,100.0,greedy,0.0349376493389868,0.046363081182826886,112.5,False,0.03508284112180515,4 x NVIDIA A100-PCIE-40GB,0.18564793902509788,128,pure_generative,0.0,9907380736,,128,6.231581557592495e-05,128,0.04587121525996735,6.28193251404562e-05,Germany,0.6547365188598633,DistributedType.MULTI_GPU,1.0,112.5,Unknown (no config attribute),R7_anti_platonic_ideal,112.5,Linux-5.15.0-113-generic-x86_64-with-glibc2.31,,2.3,0.017708608296078912,5.8348223047586285e-05,244.37962659203268,saxony,30297226.123759646,0.034670989958992315,4.0,0.13952970051255997,2352,torch.float32,0.6896324157714845,0.0002470232525704526,100.0,"April 20, 2025 at 08:18:35 PM",0,14369685504,AMD EPYC 7742 64-Core Processor,3.30063219621212e-08
NA,"3.10.14 (main, Apr  6 2024, 18:45:05) [GCC 9.4.0]",True,NA,119388.19348893905,0.2,NA,1235814400,NA,1.0,NA,2038940672,112.5,text_generation,NA,True,16949970993152,0.6914405822753906,False,NA,0.15984494505427227,1980350464,pytorch,False,NA,,True,0.012633592308225371,NA,meta-llama/Llama-3.2-1B,True,7.286877044002628,16384,True,1,20.46015296694685,NA,NA,0.6,1,6256.062709148978,3057647616,119388.19348893905,45.68891724392902,1,NA,0.13723300035960362,0.0,NA,2,0,800.7760267710692,NA,NA,NO_SHARD,False,0.03316338708026085,128,NA,16384,0.024400049670534364,128,2353,NA,8,16949970993152,NA,0.0,top_p,NA,NA,112.5,False,NA,4 x NVIDIA A100-PCIE-40GB,0.03316338708026085,128,pure_generative,0.0,2038940672,0.9,128,NA,128,0.024400049670534364,NA,Germany,0.6914405822753906,DistributedType.MULTI_GPU,1.0,NA,Unknown (no config attribute),R5_Real_Time_Mobile_Inference,NA,Linux-5.15.0-113-generic-x86_64-with-glibc2.31,False,0.1,NA,0.0001218677187782611,45.68891724392902,saxony,141973594.68984982,0.008641469690948256,5.0,0.008641469690948256,2353,torch.float16,NA,0.0001218677187782611,0.0,"April 20, 2025 at 08:32:23 PM",0,3057647616,AMD EPYC 7742 64-Core Processor,7.043563292065419e-09
NA,"3.10.14 (main, Apr  6 2024, 18:45:05) [GCC 9.4.0]",True,NA,18029.19602929089,0.01,NA,1235814400,NA,1.0,NA,9907380736,112.5,text_generation,NA,False,20248623316992,0.6600923538208008,False,NA,1.857406271488652,1894711296,pytorch,False,NA,,False,0.0019078395075995459,NA,meta-llama/Llama-3.2-1B,False,1.1004147967096491,16384,True,1,237.74800275054744,NA,NA,0.05,4,2153.5406988768955,13511950336,18029.19602929089,158.5917772935209,1,NA,0.9087482311125773,0.0,NA,2,0,68.91330236406066,NA,NA,NO_SHARD,False,0.005008110008136358,128,NA,16384,0.0021089463339058058,128,2354,NA,0,16949970993152,NA,0.0,top_p,NA,NA,112.5,False,NA,4 x NVIDIA A100-PCIE-40GB,0.005008110008136358,128,pure_generative,11.0,9907380736,0.9,128,NA,128,0.0021089463339058058,NA,Germany,0.6600923538208008,DistributedType.MULTI_GPU,1.0,NA,Unknown (no config attribute),R2_Low_Latency_Chatbot_Deployment,NA,Linux-5.15.0-113-generic-x86_64-with-glibc2.31,False,0.1,NA,1.0670252326775159e-05,158.5917772935209,saxony,1123101844.591148,0.0028884934219037817,0.0,0.0028884934219037817,2354,torch.float32,NA,1.0670252326775159e-05,0.0,"April 20, 2025 at 08:33:59 PM",0,13511950336,AMD EPYC 7742 64-Core Processor,8.903912007766653e-10
NA,"3.10.14 (main, Apr  6 2024, 18:45:05) [GCC 9.4.0]",True,NA,8297.171050659012,0.05,NA,1235814400,NA,1.0,NA,4963390464,112.5,text_generation,NA,False,20248623316992,0.6501889228820801,False,NA,2.997225952012963,1864974336,pytorch,False,NA,,True,0.000878002031041264,NA,meta-llama/Llama-3.2-1B,False,0.5064191315099494,16384,True,1,383.64492185765926,NA,NA,0.2,8,2669.134769311313,7197425664,8297.171050659012,101.02146667648904,1,NA,1.974648937567544,0.0,NA,2,0,42.70615630898101,NA,NA,NO_SHARD,False,0.0023047697362941696,128,NA,16384,0.0013079526717829138,128,2355,NA,5,16949970993152,NA,0.0,greedy,NA,NA,112.5,False,NA,4 x NVIDIA A100-PCIE-40GB,0.0023047697362941696,128,pure_generative,3.0,4963390464,,128,NA,128,0.0013079526717829138,NA,Germany,0.6501889228820801,DistributedType.MULTI_GPU,1.0,NA,Unknown (no config attribute),R4_High_Load_Cloud_API_Deployment,NA,Linux-5.15.0-113-generic-x86_64-with-glibc2.31,False,0.0,NA,6.633772365081117e-06,101.02146667648904,saxony,2440424958.50242,0.000990183292146174,2.0,0.000990183292146174,2355,torch.float16,NA,6.633772365081117e-06,0.0,"April 20, 2025 at 08:35:08 PM",0,7197425664,AMD EPYC 7742 64-Core Processor,4.097646995929985e-10
NA,"3.10.14 (main, Apr  6 2024, 18:45:05) [GCC 9.4.0]",True,NA,2186.4429038248445,0,NA,1235814400,NA,1.0,NA,4963390464,112.5,text_generation,NA,False,20248623316992,0.6559295654296875,False,NA,14.353671722023767,1881640960,pytorch,False,NA,,False,0.00023136817339224292,NA,meta-llama/Llama-3.2-1B,False,0.1334498842666531,16384,False,1,1837.2699804190422,NA,NA,0,32,2229.394723504811,7549747200,2186.4429038248445,156.00756581681694,1,NA,7.493449735796311,0.0,NA,2,0,8.917578894019243,NA,NA,NO_SHARD,False,0.0006073452510624568,128,NA,16384,0.00027610856662522564,128,2356,NA,0,16949970993152,NA,0.0,greedy,NA,NA,112.5,False,NA,4 x NVIDIA A100-PCIE-40GB,0.0006073452510624568,128,pure_generative,0.0,4963390464,,128,NA,128,0.00027610856662522564,NA,Germany,0.6559295654296875,DistributedType.MULTI_GPU,1.0,NA,Unknown (no config attribute),A4_Latency_Ignorance_Exploit,NA,Linux-5.15.0-113-generic-x86_64-with-glibc2.31,False,0.0,NA,1.3928094510957095e-06,156.00756581681694,saxony,9260988833.310102,0.00032984387498613543,0.0,0.00032984387498613543,2356,torch.float16,NA,1.3928094510957095e-06,0.0,"April 20, 2025 at 08:35:42 PM",0,7549747200,AMD EPYC 7742 64-Core Processor,1.0797983001590293e-10
0.000944225563562668,"3.10.14 (main, Apr  6 2024, 18:45:05) [GCC 9.4.0]",True,0.7034482955932617,21517.97011040437,0.5,0.005766130932481943,1235814400,20263.9117068854,1.0,0.0009208244815918077,9907380736,112.5,text_generation,5.086119073061645e-06,False,20248623316992,0.6901874542236328,False,0.696742057800293,3.9884240583392367,1887182848,pytorch,False,694.4771748999499,,True,0.0021966075787289963,555.6546332640332,meta-llama/Llama-3.2-1B,False,5.071747070580605,16384,True,4,510.5182794674223,0.002144315879093887,0.0022770196426551512,1.5,16,4011.6095394987497,14487126016,83095.50400439263,351.36917621017443,4,0.005628864363023722,0.19717071574815773,100.0,0.004743131294500991,2,0,32.09287631599,20555.550830167875,0.0,NO_SHARD,False,0.00597721391955677,128,0.000961385990499821,16384,0.0009917106479074393,128,2357,112.5,5,16949970993152,20758.071356934994,100.0,greedy,0.0048166435755332415,0.005709875230602187,112.5,False,0.004702953762358852,4 x NVIDIA A100-PCIE-40GB,0.023082084445664623,128,pure_generative,11.0,9907380736,,128,5.261793386032041e-06,128,0.003818146683561736,5.357945601374974e-06,Germany,0.6571054458618164,DistributedType.MULTI_GPU,1.0,112.5,Unknown (no config attribute),R1_Standard_Production_Config,112.5,Linux-5.15.0-113-generic-x86_64-with-glibc2.31,False,2.4,0.002175176969097903,5.353176421764625e-06,155.34489667671465,saxony,243678927.7542815,0.004980150095227565,4.0,0.01924287872762065,2357,torch.float32,0.7034540176391602,2.1059034482233285e-05,100.0,"April 20, 2025 at 08:36:47 PM",0,14487126016,AMD EPYC 7742 64-Core Processor,4.103760670714908e-09
NA,"3.10.14 (main, Apr  6 2024, 18:45:05) [GCC 9.4.0]",True,0.6835598945617676,2351.5924702959855,0,NA,749275136,NA,1.0,NA,1609970688,112.5,text_generation,NA,True,16949970993152,0.6694936752319336,False,NA,31.973203258327068,1878102016,pytorch,False,NA,,False,0.00023793161515699957,NA,meta-llama/Llama-3.2-1B,False,0.2807653983431081,16384,False,2,4092.5700170658647,0.0002488442087664599,NA,0,128,4003.3524000027683,23630708736,4600.060286453483,549.9928190054255,2,NA,3.561692451781236,0.0,0.000494594840120044,2,0,4.003352400002768,2248.467816157497,1085.2623846679467,NO_SHARD,False,0.0006532201306377737,128,0.00012917528262505585,16384,0.00015785825118700816,128,2358,112.5,0,16949970993152,NA,0.0,greedy,NA,0.0006245743933770825,112.5,False,NA,4 x NVIDIA A100-PCIE-40GB,0.0012777945240148563,128,pure_generative,0.0,1609970688,,128,NA,128,0.000287033533812064,8.042706319827314e-07,Germany,0.6554274559020996,DistributedType.MULTI_GPU,1.0,NA,Unknown (no config attribute),A2_Precision_Minimalist,NA,Linux-5.15.0-113-generic-x86_64-with-glibc2.31,True,0.8,NA,7.670393307216517e-07,14.723253342904343,saxony,3684728011.7322006,0.000494594840120044,0.0,0.000989189680240088,2358,torch.float16,NA,1.571309962704383e-06,100.0,"April 20, 2025 at 08:37:22 PM",0,23630708736,AMD EPYC 7742 64-Core Processor,2.713904518368772e-10
NA,"3.10.14 (main, Apr  6 2024, 18:45:05) [GCC 9.4.0]",True,NA,120842.09627214448,0.2,NA,1235814400,NA,1.0,NA,2038955008,112.5,text_generation,NA,True,16949970993152,0.6904349327087402,False,NA,0.15770738592246078,1977470976,pytorch,False,NA,,True,0.0127874434930204,NA,meta-llama/Llama-3.2-1B,True,7.375616227547882,16384,True,1,20.18654539807498,NA,NA,0.6,1,6340.857114274058,3055550464,120842.09627214448,43.83041236538717,1,NA,0.13558189162079856,0.0,NA,3,0,811.6297106270795,NA,NA,NO_SHARD,False,0.033567248964484576,128,NA,16384,0.024711819447941246,128,2577,NA,8,16949970993152,NA,0.0,top_p,NA,NA,112.5,False,NA,4 x NVIDIA A100-PCIE-40GB,0.033567248964484576,128,pure_generative,0.0,2038955008,0.9,128,NA,128,0.024711819447941246,NA,Germany,0.6904349327087402,DistributedType.MULTI_GPU,1.0,NA,Unknown (no config attribute),R5_Real_Time_Mobile_Inference,NA,Linux-5.15.0-113-generic-x86_64-with-glibc2.31,False,0.1,NA,0.00012299947504956194,43.83041236538717,saxony,140265449.83942956,0.00873243004149371,5.0,0.00873243004149371,2577,torch.float16,NA,0.00012299947504956194,0.0,"April 21, 2025 at 04:26:48 AM",0,3055550464,AMD EPYC 7742 64-Core Processor,7.12933941426603e-09
NA,"3.10.14 (main, Apr  6 2024, 18:45:05) [GCC 9.4.0]",True,0.6903190612792969,2237.052793934154,0,NA,749275136,NA,1.0,NA,1609970688,112.5,text_generation,NA,True,16949970993152,0.6706480979919434,False,NA,30.91492936073538,1865031680,pytorch,False,NA,,False,0.00023458585471293708,NA,meta-llama/Llama-3.2-1B,False,0.27184466407989805,16384,False,2,3957.1109581741284,0.00023672368384700443,NA,0,128,4140.394387010019,23630708736,4453.90297628505,583.5840533024303,2,NA,3.678571375990258,0.0,0.00048631455571790383,3,0,4.140394387010019,2216.850182350895,946.1367069235968,NO_SHARD,False,0.0006214035538705983,128,0.00012865570421899974,16384,0.0001315386846249567,128,2578,112.5,0,16949970993152,NA,0.0,greedy,NA,0.0006157917173196931,112.5,False,NA,4 x NVIDIA A100-PCIE-40GB,0.0012371952711902915,128,pure_generative,0.0,1609970688,,128,NA,128,0.00026019438884395643,8.214573827894168e-07,Germany,0.6509771347045898,DistributedType.MULTI_GPU,1.0,NA,Unknown (no config attribute),A2_Precision_Minimalist,NA,Linux-5.15.0-113-generic-x86_64-with-glibc2.31,True,0.9,NA,6.183667374967017e-07,221.03139968126396,saxony,3805644416.4596014,0.0004892465025081449,0.0,0.0009755610582260488,2578,torch.float16,NA,1.4398241202861184e-06,100.0,"April 21, 2025 at 04:27:24 AM",0,23630708736,AMD EPYC 7742 64-Core Processor,2.627675869229795e-10
0.00010179253590604276,"3.10.14 (main, Apr  6 2024, 18:45:05) [GCC 9.4.0]",True,0.679255485534668,3269.2862063819475,0,0.0009079420459912969,1235814400,3271.913206390946,1.0,0.00010269716003131179,4963390464,112.5,text_generation,5.491972495034682e-07,False,20248623316992,0.6752457618713379,False,0.6907525062561035,40.10331947274055,1869254656,pytorch,False,899.9504581562705,,False,0.0003458805224203846,1027.123458669143,meta-llama/Llama-3.2-1B,False,0.7984130454647934,16384,False,4,5133.224892510791,0.00034595405008922307,0.00034617863621694376,0,256,3191.7557370034046,27703377920,13081.199336895173,991.7670481620637,4,0.0009088647795530405,1.252484545036277,100.0,0.0008056184222722251,3,0,3.1917557370034046,3271.4085585536095,948.02990109405,NO_SHARD,False,0.0009081350573283188,128,0.00010256794428096329,16384,0.00010200591978127704,128,2579,112.5,0,16949970993152,3268.591365568669,100.0,greedy,0.0008056184222722251,0.0009087245995982249,112.5,False,0.0008056184222722251,4 x NVIDIA A100-PCIE-40GB,0.0036336664824708808,128,pure_generative,1.0,4963390464,,128,5.310878130290192e-07,128,0.00040906355999959486,5.382330450365165e-07,Germany,0.6515278816223145,DistributedType.MULTI_GPU,1.0,112.5,Unknown (no config attribute),A1_Max_Throughput_Exploit,112.5,Linux-5.15.0-113-generic-x86_64-with-glibc2.31,False,2.4,0.0003462320377707308,5.107152748166075e-07,1091.9643747287912,saxony,1547917954.272075,0.0008056184222722251,0.0,0.0032224736890889005,2579,torch.float16,0.6794471740722656,2.1292333823856114e-06,100.0,"April 21, 2025 at 04:27:59 AM",0,27703377920,AMD EPYC 7742 64-Core Processor,6.460290723032932e-10
0.0009450104633119738,"3.10.14 (main, Apr  6 2024, 18:45:05) [GCC 9.4.0]",True,0.7157378196716309,10801.239467847108,0.5,0.0028323022736181647,1235814400,10190.981766511451,1.0,0.0009446619484997427,2039196672,112.5,text_generation,4.891481623116817e-06,True,16949970993152,0.7063125371932983,False,0.7136178016662598,3.9577251162756504,1951301632,pytorch,False,211.04377056794556,50,True,0.0010784040288757048,217.7106953397217,meta-llama/Llama-3.2-1B,True,2.5224267292988745,16384,True,4,506.58881488328325,0.0010728959518662008,0.00107896555113484,1.5,32,8085.452895251365,3682598912,41327.43953283276,224.101792858036,4,0.002830828268475403,0.3964436264429995,100.0,0.001873621221118782,3,0,32.34181158100546,10138.930113448807,235.07877721225813,NO_SHARD,False,0.003000344296624197,128,0.0009379240564062456,16384,0.0009997068910929554,128,2581,112.5,5,16949970993152,10196.288185025393,100.0,top_k,0.001882434005946898,0.0028163694759580017,112.5,False,0.0018812748383525424,4 x NVIDIA A100-PCIE-40GB,0.011479844314675768,128,pure_generative,0.0,2039196672,,128,4.857804359291944e-06,128,0.0038273033593109176,4.824198432974292e-06,Germany,0.6811065673828125,DistributedType.MULTI_GPU,1.0,112.5,Unknown (no config attribute),R3_Balanced_Enterprise_Service,112.5,Linux-5.15.0-113-generic-x86_64-with-glibc2.31,False,2.4,0.0011429811597989878,4.8644200250030015e-06,232.57392831221856,saxony,410138425.8196307,0.001995772985506239,4.0,0.007633103050924461,2581,torch.float16,0.7147879600524902,1.9437904440386053e-05,100.0,"April 21, 2025 at 04:29:22 AM",0,3682598912,AMD EPYC 7742 64-Core Processor,2.438201195124733e-09
0.011512015258155317,"3.10.14 (main, Apr  6 2024, 18:45:05) [GCC 9.4.0]",True,0.6983599662780762,168624.85926581704,0.4,0.04655583887477741,1235814400,168056.27572706732,0.8,0.011574268103036049,9907380736,112.5,text_generation,6.317350750789868e-05,False,20248623316992,0.68546462059021,False,0.6970224380493164,0.33944648849830716,1853067264,pytorch,False,308.8772806871971,,True,0.017843788927031392,301.5898299750622,meta-llama/Llama-3.2-1B,,41.106977365940914,16384,True,4,43.44915052778332,0.01790619096618826,0.017735446819346457,0.5,1,2945.9724400860523,14369685504,673496.7171635759,300.16132342544824,4,0.04668229881307425,0.024326770394666564,100.0,0.03525865792912608,3,0,377.0844723310147,169214.56222149293,0.0,NO_SHARD,False,0.04684023868494918,128,0.011681393479436341,16384,0.011601685919474218,128,2582,112.5,8,16949970993152,167601.01994919867,100.0,greedy,0.034980723817890524,0.04700404506152581,112.5,False,0.035044857202530366,4 x NVIDIA A100-PCIE-40GB,0.18708242143432666,128,pure_generative,0.0,9907380736,,128,6.30997987315593e-05,128,0.04636936276010192,6.399365296333151e-05,Germany,0.6461977958679199,DistributedType.MULTI_GPU,1.0,112.5,Unknown (no config attribute),R7_anti_platonic_ideal,112.5,Linux-5.15.0-113-generic-x86_64-with-glibc2.31,,2.4,0.017783621732840635,5.8794899469206365e-05,590.1781830395337,saxony,30064917.61722144,0.0351797578660058,4.0,0.14046399681555277,2582,torch.float32,0.7002782821655273,0.00024906185867199583,100.0,"April 21, 2025 at 04:36:13 AM",0,14369685504,AMD EPYC 7742 64-Core Processor,3.326135839558035e-08
NA,"3.10.14 (main, Apr  6 2024, 18:45:05) [GCC 9.4.0]",True,NA,18230.927521756483,0.01,NA,1235814400,NA,1.0,NA,9907380736,112.5,text_generation,NA,False,20248623316992,0.6591696739196778,False,NA,1.8245248787777657,1893318656,pytorch,False,NA,,False,0.0019291866220592035,NA,meta-llama/Llama-3.2-1B,False,1.1127275098728322,16384,True,1,233.539184483554,NA,NA,0.05,4,2192.351579595652,13511950336,18230.927521756483,212.7596273443647,1,NA,0.8986926189272383,0.0,NA,3,0,70.15525054706086,NA,NA,NO_SHARD,False,0.005064146533821245,128,NA,16384,0.0021450374494684185,128,2583,NA,0,16949970993152,NA,0.0,top_p,NA,NA,112.5,False,NA,4 x NVIDIA A100-PCIE-40GB,0.005064146533821245,128,pure_generative,0.0,9907380736,0.9,128,NA,128,0.0021450374494684185,NA,Germany,0.6591696739196778,DistributedType.MULTI_GPU,1.0,NA,Unknown (no config attribute),R2_Low_Latency_Chatbot_Deployment,NA,Linux-5.15.0-113-generic-x86_64-with-glibc2.31,False,0.0,NA,1.0794535480412763e-05,212.7596273443647,saxony,1110674335.840984,0.002908314548872415,0.0,0.002908314548872415,2583,torch.float32,NA,1.0794535480412763e-05,0.0,"April 21, 2025 at 04:37:51 AM",0,13511950336,AMD EPYC 7742 64-Core Processor,9.003539270967458e-10
NA,"3.10.14 (main, Apr  6 2024, 18:45:05) [GCC 9.4.0]",True,NA,8218.072611479296,0.05,NA,1235814400,NA,1.0,NA,4963390464,112.5,text_generation,NA,False,20248623316992,0.6606101989746094,False,NA,2.998434393530483,1895055360,pytorch,False,NA,,True,0.0008696318781508439,NA,meta-llama/Llama-3.2-1B,False,0.5015913459154844,16384,True,1,383.7996023719018,NA,NA,0.2,8,2668.059043499852,7197425664,8218.072611479296,90.41061908217189,1,NA,1.9936548111188803,0.0,NA,3,0,42.688944695997634,NA,NA,NO_SHARD,False,0.002282797947633138,128,NA,16384,0.0013058571990632116,128,2584,NA,5,16949970993152,NA,0.0,greedy,NA,NA,112.5,False,NA,4 x NVIDIA A100-PCIE-40GB,0.002282797947633138,128,pure_generative,0.0,4963390464,,128,NA,128,0.0013058571990632116,NA,Germany,0.6606101989746094,DistributedType.MULTI_GPU,1.0,NA,Unknown (no config attribute),R4_High_Load_Cloud_API_Deployment,NA,Linux-5.15.0-113-generic-x86_64-with-glibc2.31,False,0.0,NA,6.701639045608534e-06,90.41061908217189,saxony,2463913897.366641,0.0009702391095243179,2.0,0.0009702391095243179,2584,torch.float16,NA,6.701639045608534e-06,0.0,"April 21, 2025 at 04:38:59 AM",0,7197425664,AMD EPYC 7742 64-Core Processor,4.0585833825961647e-10
0.0009621240519686579,"3.10.14 (main, Apr  6 2024, 18:45:05) [GCC 9.4.0]",True,0.7032980918884277,21556.568375045023,0.5,0.0058617113687068016,1235814400,21099.52952958462,1.0,0.0009614120805608766,9907380736,112.5,text_generation,5.345540059192595e-06,False,20248623316992,0.6903644800186157,False,0.7026586532592773,4.002014957500406,1873244160,pytorch,False,772.5236858721582,,True,0.0022811040895759447,682.6517965702309,meta-llama/Llama-3.2-1B,False,5.117327206814785,16384,True,4,512.257914560052,0.0021252809099778867,0.0022330189459088563,1.5,16,3997.986057001981,14487126016,83842.28895645344,1042.8897426637284,4,0.005860980424884616,0.19541451222198417,100.0,0.00465171066581016,3,0,31.983888456015848,20084.030124479305,750.6799316744615,NO_SHARD,False,0.0059879356597347284,128,0.0009220516332807165,16384,0.0009900557043424668,128,2585,112.5,5,16949970993152,21102.160927344485,100.0,greedy,0.0048942228042645475,0.005578897256799807,112.5,False,0.0048942228042645475,4 x NVIDIA A100-PCIE-40GB,0.02328952471012595,128,pure_generative,1.0,9907380736,,128,5.364512473594749e-06,128,0.0038356434701527177,5.1349577089294716e-06,Germany,0.6527624130249023,DistributedType.MULTI_GPU,1.0,112.5,Unknown (no config attribute),R1_Standard_Production_Config,112.5,Linux-5.15.0-113-generic-x86_64-with-glibc2.31,False,2.3,0.0022327404928597946,5.2884613228735344e-06,1965.7035565380631,saxony,241508474.649456,0.004992591494069387,4.0,0.019432747768408642,2585,torch.float32,0.7027387619018555,2.113347156459035e-05,100.0,"April 21, 2025 at 04:40:12 AM",0,14487126016,AMD EPYC 7742 64-Core Processor,4.140641447267956e-09
NA,"3.10.14 (main, Apr  6 2024, 18:45:05) [GCC 9.4.0]",True,NA,2325.6911405922465,0,NA,1235814400,NA,1.0,NA,4963390464,112.5,text_generation,NA,False,20248623316992,0.6524949073791504,False,NA,14.228926234579655,1871634432,pytorch,False,NA,,False,0.00024610334444683787,NA,meta-llama/Llama-3.2-1B,False,0.14194892215528848,16384,False,1,1821.3025580261958,NA,NA,0,32,2248.9399039986893,7549747200,2325.6911405922465,0.0,1,NA,7.044787553272336,0.0,NA,3,0,8.995759615994757,NA,NA,NO_SHARD,False,0.0006460253168311796,128,NA,16384,0.0003120104462504969,128,2586,NA,0,16949970993152,NA,0.0,greedy,NA,NA,112.5,False,NA,4 x NVIDIA A100-PCIE-40GB,0.0006460253168311796,128,pure_generative,0.0,4963390464,,128,NA,128,0.0003120104462504969,NA,Germany,0.6524949073791504,DistributedType.MULTI_GPU,1.0,NA,Unknown (no config attribute),A4_Latency_Ignorance_Exploit,NA,Linux-5.15.0-113-generic-x86_64-with-glibc2.31,False,0.1,NA,1.5621046188500753e-06,0.0,saxony,8706497162.746902,0.0003324527659618326,0.0,0.0003324527659618326,2586,torch.float16,NA,1.5621046188500753e-06,0.0,"April 21, 2025 at 04:40:48 AM",0,7549747200,AMD EPYC 7742 64-Core Processor,1.1485675367572275e-10
0.00028779842496896895,"3.10.14 (main, Apr  6 2024, 18:45:05) [GCC 9.4.0]",True,0.6844882965087891,5797.992257869234,0.01,0.001626017339240742,1235814400,5885.243635757965,1.0,0.00029009278606235967,4963390464,112.5,text_generation,1.504649317797134e-06,False,20248623316992,0.6763701438903809,False,0.6824870109558105,14.025311371374418,1874460672,pytorch,False,509.11032779168175,,False,0.0006227732119561103,625.5121944406145,meta-llama/Llama-3.2-1B,False,1.4315645662812237,16384,True,4,1795.2398555359255,0.0006194313053837607,0.0006135403196209124,0.1,32,2281.5892747530597,7549747200,23454.75385395157,565.9840113948082,4,0.001634789898821657,0.6985364289909052,100.0,0.0013499369132818906,3,0,9.126357099012239,5917.8555390576985,468.76979797979413,NO_SHARD,False,0.0016105534049636761,128,0.0002923937485306852,16384,0.0002845582840927818,128,2587,112.5,0,16949970993152,5853.662421266671,100.0,greedy,0.001336717180484115,0.0016438487608493606,112.5,False,0.0013431924634415005,4 x NVIDIA A100-PCIE-40GB,0.006515209403875436,128,pure_generative,0.0,4963390464,,128,1.5017337876580843e-06,128,0.0011548432436547956,1.5180990367844508e-06,Germany,0.653536319732666,DistributedType.MULTI_GPU,1.0,112.5,Unknown (no config attribute),R6_Medium_Scale_Language_Model_Serving,112.5,Linux-5.15.0-113-generic-x86_64-with-glibc2.31,False,2.4,0.000626224185445564,1.4251723270972252e-06,660.5437253671424,saxony,863305726.5523418,0.0013245699485437967,0.0,0.005354416505751303,2587,torch.float16,0.6849689483642578,5.9496544693368945e-06,100.0,"April 21, 2025 at 04:41:29 AM",0,7549747200,AMD EPYC 7742 64-Core Processor,1.1583381984428091e-09
NA,"3.10.14 (main, Apr  6 2024, 18:45:05) [GCC 9.4.0]",True,NA,2030.6379522836312,0,NA,749275136,NA,1.0,NA,1609970688,112.5,text_generation,NA,True,16949970993152,0.6653351783752441,False,NA,17.547838063430227,1906413568,pytorch,False,NA,50,False,0.00021488097997845814,NA,meta-llama/Llama-3.2-1B,False,0.12394030470481149,16384,False,1,2246.123272119069,NA,NA,0,64,3647.172931996465,3539992576,2030.6379522836312,188.85942541391407,1,NA,8.068400367271156,0.0,NA,3,0,7.29434586399293,NA,NA,NO_SHARD,False,0.0005640660978565642,128,NA,16384,0.00022666519875019732,128,2588,NA,0,16949970993152,NA,0.0,top_k,NA,NA,112.5,False,NA,4 x NVIDIA A100-PCIE-40GB,0.0005640660978565642,128,pure_generative,0.0,1609970688,,128,NA,128,0.00022666519875019732,NA,Germany,0.6653351783752441,DistributedType.MULTI_GPU,1.0,NA,Unknown (no config attribute),A3_Quantisation_Gaming,NA,Linux-5.15.0-113-generic-x86_64-with-glibc2.31,True,0.0,NA,1.0806300503106343e-06,188.85942541391407,saxony,8347116222.313418,0.0003363202690560563,0.0,0.0003363202690560563,2588,torch.float16,NA,1.0806300503106343e-06,0.0,"April 21, 2025 at 04:42:03 AM",0,3539992576,AMD EPYC 7742 64-Core Processor,1.1980185412140435e-10
0.00015165362681318585,"3.10.14 (main, Apr  6 2024, 18:45:05) [GCC 9.4.0]",True,0.6831550598144531,4008.2278950653504,0,0.0010970599294097693,1235814400,3964.6991634435117,1.0,0.00015200752884402392,4963390464,112.5,text_generation,8.012022049187506e-07,False,20248623316992,0.6750154495239258,False,0.6780595779418946,26.42561799841718,1862217728,pytorch,False,777.0525939272887,,False,0.000419542262864946,774.721350153349,meta-llama/Llama-3.2-1B,False,0.9723281362873819,16384,False,4,3382.479103797399,0.0004179249801086516,0.00042415410886664605,0,64,2421.8922715008375,8327790592,15930.624184932465,778.6105679627466,4,0.0011013053231787532,1.0284593880192308,100.0,0.0009588271559501926,3,0,4.843784543001675,4008.2813805484334,785.0312906098694,NO_SHARD,False,0.0011133966375181529,128,0.00015376544021864904,16384,0.00015379447721852559,128,2589,112.5,0,16949970993152,3949.4157458751693,100.0,greedy,0.0009445910334502372,0.001113411494596787,112.5,False,0.0009484965921298105,4 x NVIDIA A100-PCIE-40GB,0.004425173384703463,128,pure_generative,3.0,4963390464,,128,8.152691463460697e-07,128,0.0006112210730943844,8.188984279454745e-07,Germany,0.6491031646728516,DistributedType.MULTI_GPU,1.0,112.5,Unknown (no config attribute),A5_Parallel_Overdrive,112.5,Linux-5.15.0-113-generic-x86_64-with-glibc2.31,False,2.4,0.00042414844906254036,7.750043494348725e-07,777.6370371604794,saxony,1271050216.3589795,0.0009588271559501926,0.0,0.003810741937480433,2589,torch.float16,0.6897439956665039,3.210374128645167e-06,100.0,"April 21, 2025 at 04:42:40 AM",0,8327790592,AMD EPYC 7742 64-Core Processor,7.867509773646681e-10
NA,"3.10.14 (main, Apr  6 2024, 18:45:05) [GCC 9.4.0]",True,0.682584285736084,2353.4889619554883,0,NA,749275136,NA,1.0,NA,1609970688,112.5,text_generation,NA,True,16949970993152,0.6663200855255127,False,NA,31.924695254739255,1862393856,pytorch,False,NA,,False,0.000249044894460262,NA,meta-llama/Llama-3.2-1B,False,0.2807775833745649,16384,False,2,4086.3609926066247,0.0002377520552100378,NA,0,128,4009.4352969899774,23630708736,4600.259926008871,337.20877504787836,2,NA,3.56153788340707,0.0,0.000493842895074259,4,0,4.009435296989977,2246.7709640533826,663.1605361972256,NO_SHARD,False,0.0006537469338765245,128,0.00012944915990647132,16384,0.00015913476771947898,128,2806,112.5,0,16949970993152,NA,0.0,greedy,NA,0.000624103045570384,112.5,False,NA,4 x NVIDIA A100-PCIE-40GB,0.0012778499794469085,128,pure_generative,0.0,1609970688,,128,NA,128,0.0002885839276259503,8.109905896535355e-07,Germany,0.6500558853149414,DistributedType.MULTI_GPU,1.0,NA,Unknown (no config attribute),A2_Precision_Minimalist,NA,Linux-5.15.0-113-generic-x86_64-with-glibc2.31,True,0.9,NA,7.692710827865316e-07,11.257013898531099,saxony,3684568103.9283333,0.000493842895074259,0.0,0.000987685790148518,2806,torch.float16,NA,1.580261672440067e-06,100.0,"April 21, 2025 at 08:08:33 AM",0,23630708736,AMD EPYC 7742 64-Core Processor,2.71402230001894e-10
0.00010277454043898615,"3.10.14 (main, Apr  6 2024, 18:45:05) [GCC 9.4.0]",True,0.6825957298278809,3283.947532876164,0,0.000913347763721928,1235814400,3280.637029444624,1.0,0.00010170381487478154,4963390464,112.5,text_generation,5.316571738816861e-07,False,20248623316992,0.6754206418991089,False,0.6792526245117188,39.9497419015367,1876586496,pytorch,False,848.3129942417705,,False,0.00034715518787970266,807.7502560668202,meta-llama/Llama-3.2-1B,False,0.8015043902658708,16384,False,4,5113.566963396697,0.0003479398305898685,0.00034750550351365965,0,256,3204.0257059852593,27703377920,13131.84793011603,838.7267008306229,4,0.0009112880637346179,1.2476538022059807,100.0,0.0008090525916859548,4,0,3.2040257059852593,3279.2114183963,796.1410559003599,NO_SHARD,False,0.0009122076480211566,128,0.00010130765071971837,16384,0.00010166399140689465,128,2807,112.5,0,16949970993152,3288.051949398941,100.0,greedy,0.0008100342591377263,0.0009108920606656388,112.5,False,0.0008090525916859548,4 x NVIDIA A100-PCIE-40GB,0.003647735536143341,128,pure_generative,0.0,4963390464,,128,5.389641452154939e-07,128,0.0004074499974403807,5.318182599656805e-07,Germany,0.6540942192077638,DistributedType.MULTI_GPU,1.0,112.5,Unknown (no config attribute),A1_Max_Throughput_Exploit,112.5,Linux-5.15.0-113-generic-x86_64-with-glibc2.31,False,2.4,0.0003470043305105751,5.09397476535599e-07,902.7024971135411,saxony,1541947746.025497,0.0008100342591377263,0.0,0.003238173701647362,2807,torch.float16,0.6857399940490723,2.11183705559846e-06,100.0,"April 21, 2025 at 08:09:09 AM",0,27703377920,AMD EPYC 7742 64-Core Processor,6.485304074522538e-10
0.011693722401814745,"3.10.14 (main, Apr  6 2024, 18:45:05) [GCC 9.4.0]",True,0.6973743438720703,169393.26233501986,0.4,0.047129130746509866,1235814400,168334.76499006953,0.8,0.011587125278273552,9907380736,112.5,text_generation,6.255440878599596e-05,False,20248623316992,0.6830309629440308,False,0.6890087127685548,0.33726550265125543,1857957888,pytorch,False,293.2327082270335,,True,0.017953842357882933,267.1318454012842,meta-llama/Llama-3.2-1B,,41.25168926682105,16384,True,4,43.169984339360695,0.017813091311935272,0.017827907509809827,0.5,1,2965.023081634399,14369685504,675867.6769475961,289.182159791881,4,0.046759656941685976,0.024241431509189254,100.0,0.0351358097752934,4,0,379.5229544492031,168474.7789350712,260.92775691235664,NO_SHARD,False,0.04705368398194996,128,0.011599398786654096,16384,0.011689153901564173,128,2808,112.5,8,16949970993152,169664.87068743553,100.0,greedy,0.03537154746388227,0.04679854970418645,112.5,False,0.03510997725462639,4 x NVIDIA A100-PCIE-40GB,0.18774102137433224,128,pure_generative,12.0,9907380736,,128,6.386088081279228e-05,128,0.04656940036830656,6.334114223888963e-05,Germany,0.6473865509033204,DistributedType.MULTI_GPU,1.0,112.5,Unknown (no config attribute),R7_anti_platonic_ideal,112.5,Linux-5.15.0-113-generic-x86_64-with-glibc2.31,,2.3,0.017925100912923837,5.915461388555074e-05,335.4363286268498,saxony,29959449.175673466,0.035305375466500255,4.0,0.14092270996030232,2808,torch.float32,0.6983542442321777,0.00024891104572322863,100.0,"April 21, 2025 at 08:16:03 AM",0,14369685504,AMD EPYC 7742 64-Core Processor,3.337845078980898e-08
NA,"3.10.14 (main, Apr  6 2024, 18:45:05) [GCC 9.4.0]",True,NA,2189.482084334462,0,NA,1235814400,NA,1.0,NA,4963390464,112.5,text_generation,NA,False,20248623316992,0.6511931419372559,False,NA,14.324796904123822,1867673600,pytorch,False,NA,,False,0.00023168977778533704,NA,meta-llama/Llama-3.2-1B,False,0.13363538112392956,16384,False,1,1833.5740037278492,NA,NA,0,32,2233.8885649951408,7549747200,2189.482084334462,150.0873662219703,1,NA,7.483048213651062,0.0,NA,4,0,8.935554259980563,NA,NA,NO_SHARD,False,0.0006081894678706839,128,NA,16384,0.00027753589659278074,128,2809,NA,0,16949970993152,NA,0.0,greedy,NA,NA,112.5,False,NA,4 x NVIDIA A100-PCIE-40GB,0.0006081894678706839,128,pure_generative,0.0,4963390464,,128,NA,128,0.00027753589659278074,NA,Germany,0.6511931419372559,DistributedType.MULTI_GPU,1.0,NA,Unknown (no config attribute),A4_Latency_Ignorance_Exploit,NA,Linux-5.15.0-113-generic-x86_64-with-glibc2.31,False,0.1,NA,1.3883078655324995e-06,150.0873662219703,saxony,9248133822.089249,0.0003292652634123705,0.0,0.0003292652634123705,2809,torch.float16,NA,1.3883078655324995e-06,0.0,"April 21, 2025 at 08:16:39 AM",0,7549747200,AMD EPYC 7742 64-Core Processor,1.0812992320801968e-10
NA,"3.10.14 (main, Apr  6 2024, 18:45:05) [GCC 9.4.0]",True,NA,18427.979989088675,0.01,NA,1235814400,NA,1.0,NA,9907380736,112.5,text_generation,NA,False,20248623316992,0.6586461067199707,False,NA,1.8071433260024645,1888960512,pytorch,False,NA,,False,0.001950038604678703,NA,meta-llama/Llama-3.2-1B,False,1.1247546380059006,16384,True,1,231.31434572831546,NA,NA,0.05,4,2213.4381609057527,13511950336,18427.979989088675,161.67578153870045,1,NA,0.889082797447201,0.0,NA,4,0,70.83002114898409,NA,NA,NO_SHARD,False,0.00511888333030241,128,NA,16384,0.002165376423068665,128,2810,NA,0,16949970993152,NA,0.0,top_p,NA,NA,112.5,False,NA,4 x NVIDIA A100-PCIE-40GB,0.00511888333030241,128,pure_generative,0.0,9907380736,0.9,128,NA,128,0.002165376423068665,NA,Germany,0.6586461067199707,DistributedType.MULTI_GPU,1.0,NA,Unknown (no config attribute),R2_Low_Latency_Chatbot_Deployment,NA,Linux-5.15.0-113-generic-x86_64-with-glibc2.31,False,0.0,NA,1.087149757152799e-05,161.67578153870045,saxony,1098797769.9661787,0.00294263540966222,0.0,0.00294263540966222,2810,torch.float32,NA,1.087149757152799e-05,0.0,"April 21, 2025 at 08:18:18 AM",0,13511950336,AMD EPYC 7742 64-Core Processor,9.100855747375429e-10
0.0009543927770628215,"3.10.14 (main, Apr  6 2024, 18:45:05) [GCC 9.4.0]",True,0.7149324417114258,10485.462877322867,0.5,0.0028888075875864614,1235814400,10147.690079403303,1.0,0.0009302706166236021,2039141376,112.5,text_generation,4.951787458888197e-06,True,16949970993152,0.7062166929244995,False,0.7130727767944336,4.119318403770286,1953193984,pytorch,False,1058.5649994407593,50,True,0.0010476598398836384,222.36203234152268,meta-llama/Llama-3.2-1B,True,2.4983708274373684,16384,True,4,527.2727556825967,0.0011095658564211517,0.0011004912504910625,1.5,32,7768.275443508173,3684696064,40933.30763673384,607.9339785481636,4,0.002818802799834251,0.4002608375897989,100.0,0.00183912813796816,4,0,31.073101774032693,9900.447364696412,249.42323439766514,NO_SHARD,False,0.0029126285770341297,128,0.0009063208839361323,16384,0.0009605111834653146,128,2811,112.5,5,16949970993152,10399.707315311261,100.0,top_k,0.0019295065436035763,0.0027501242679712256,112.5,False,0.0018835803957517605,4 x NVIDIA A100-PCIE-40GB,0.01137036323242607,128,pure_generative,0.0,2039141376,,128,4.908266920063086e-06,128,0.0037514954610878707,4.67524606693337e-06,Germany,0.681767463684082,DistributedType.MULTI_GPU,1.0,112.5,Unknown (no config attribute),R3_Balanced_Enterprise_Service,112.5,Linux-5.15.0-113-generic-x86_64-with-glibc2.31,False,2.4,0.001073822926596858,4.901113574980154e-06,901.3856480127073,saxony,414087499.19688815,0.0019472162799938353,4.0,0.007599431357317332,2811,torch.float16,0.7150940895080566,1.9436414020864807e-05,100.0,"April 21, 2025 at 08:19:22 AM",0,3684696064,AMD EPYC 7742 64-Core Processor,2.414948536093154e-09
0.0009415286031262439,"3.10.14 (main, Apr  6 2024, 18:45:05) [GCC 9.4.0]",True,0.702868938446045,20462.13031468765,0.5,0.005838732859335145,1235814400,21221.364192262357,1.0,0.0009528089923742302,9907380736,112.5,text_generation,5.3121116734840605e-06,False,20248623316992,0.6902689933776855,False,0.7022395133972168,4.289294694990414,1872306176,pytorch,False,614.0814260061012,,True,0.0022242652827637235,725.9092243893391,meta-llama/Llama-3.2-1B,False,5.114602960599095,16384,True,4,549.0297209587729,0.0021652912620500724,0.0022456329691784294,1.5,16,3730.2170025031955,14487126016,83797.65490645557,715.0506171294307,4,0.005894823386739544,0.19551859796422316,100.0,0.00490633198061774,4,0,29.841736020025564,21094.722105899036,658.6751291080012,NO_SHARD,False,0.005683925087413236,128,0.0009480592032177809,16384,0.000923369200315392,128,2812,112.5,5,16949970993152,21019.438293606523,100.0,greedy,0.004891976691356437,0.005859645029416399,112.5,False,0.004936702282691829,4 x NVIDIA A100-PCIE-40GB,0.023277126362904323,128,pure_generative,0.0,9907380736,,128,5.227564852464704e-06,128,0.0037657659990336474,5.2538455808761965e-06,Germany,0.652705192565918,DistributedType.MULTI_GPU,1.0,112.5,Unknown (no config attribute),R1_Standard_Production_Config,112.5,Linux-5.15.0-113-generic-x86_64-with-glibc2.31,False,2.4,0.0022322317739561772,4.780971369968945e-06,861.5366890142817,saxony,241637111.91674522,0.004755774915727873,4.0,0.01949078587039388,2812,torch.float32,0.7032623291015625,2.0574493476793906e-05,100.0,"April 21, 2025 at 08:20:27 AM",0,14487126016,AMD EPYC 7742 64-Core Processor,4.138437146792851e-09
NA,"3.10.14 (main, Apr  6 2024, 18:45:05) [GCC 9.4.0]",True,NA,8264.736344627112,0.05,NA,1235814400,NA,1.0,NA,4963390464,112.5,text_generation,NA,False,20248623316992,0.6499643325805664,False,NA,3.010762109486581,1864830976,pytorch,False,NA,,True,0.0008745698084682494,NA,meta-llama/Llama-3.2-1B,False,0.5044394741593696,16384,True,1,385.37755001428235,NA,NA,0.2,8,2657.1345423781167,7197425664,8264.736344627112,101.74042225443691,1,NA,1.9823983871731377,0.0,NA,4,0,42.51415267804987,NA,NA,NO_SHARD,False,0.002295760095729753,128,NA,16384,0.0013013059872482703,128,2813,NA,5,16949970993152,NA,0.0,greedy,NA,NA,112.5,False,NA,4 x NVIDIA A100-PCIE-40GB,0.002295760095729753,128,pure_generative,0.0,4963390464,,128,NA,128,0.0013013059872482703,NA,Germany,0.6499643325805664,DistributedType.MULTI_GPU,1.0,NA,Unknown (no config attribute),R4_High_Load_Cloud_API_Deployment,NA,Linux-5.15.0-113-generic-x86_64-with-glibc2.31,False,0.0,NA,6.5491514918453865e-06,101.74042225443691,saxony,2450002331.9141436,0.000987904956989638,2.0,0.000987904956989638,2813,torch.float16,NA,6.5491514918453865e-06,0.0,"April 21, 2025 at 08:21:37 AM",0,7197425664,AMD EPYC 7742 64-Core Processor,4.0816287681600597e-10
0.00015131967521847403,"3.10.14 (main, Apr  6 2024, 18:45:05) [GCC 9.4.0]",True,0.6789364814758301,3977.3079553818798,0,0.0010971590635823136,1235814400,3978.9867508550583,1.0,0.00015373245681257687,4963390464,112.5,text_generation,8.117133974009297e-07,False,20248623316992,0.6741921901702881,False,0.6845769882202148,26.553424294539557,1879068672,pytorch,False,806.1431994375916,,False,0.0004179627452716824,843.0419691014511,meta-llama/Llama-3.2-1B,False,0.9693045401758444,16384,False,4,3398.8383097010633,0.00042063422298875113,0.00042087651822297976,0,64,2410.2352785121184,8327790592,15881.085586241035,815.9570725989581,4,0.0011052740974597385,1.0316675085609184,100.0,0.0009507299272497605,4,0,4.820470557024237,3975.0182511077674,820.5728708755285,NO_SHARD,False,0.0011048077653838554,128,0.0001526389431564894,16384,0.00015328903090539828,128,2814,112.5,0,16949970993152,3949.772628896329,100.0,greedy,0.0009450410338103232,0.0011041717364188243,112.5,False,0.0009507299272497605,4 x NVIDIA A100-PCIE-40GB,0.004411412662844732,128,pure_generative,0.0,4963390464,,128,7.983545535163494e-07,128,0.0006109801060929386,8.028660125743155e-07,Germany,0.654994010925293,DistributedType.MULTI_GPU,1.0,112.5,Unknown (no config attribute),A5_Parallel_Overdrive,112.5,Linux-5.15.0-113-generic-x86_64-with-glibc2.31,False,2.4,0.0004210541674272874,7.888072286969539e-07,794.0702509812614,saxony,1275015061.5984898,0.0009507299272497605,0.0,0.0037972308155596046,2814,torch.float16,0.6782612800598145,3.201741192188549e-06,100.0,"April 21, 2025 at 08:22:14 AM",0,8327790592,AMD EPYC 7742 64-Core Processor,7.843044604871549e-10
NA,"3.10.14 (main, Apr  6 2024, 18:45:05) [GCC 9.4.0]",True,NA,2033.5427887272763,0,NA,749275136,NA,1.0,NA,1609970688,112.5,text_generation,NA,True,16949970993152,0.669701099395752,False,NA,17.517632876224468,1918914560,pytorch,False,NA,50,False,0.00021518836815712664,NA,meta-llama/Llama-3.2-1B,False,0.12411760185103005,16384,False,1,2242.257008156732,NA,NA,0,64,3653.4616550197825,3539992576,2033.5427887272763,184.23627724416679,1,NA,8.056874972497715,0.0,NA,4,0,7.306923310039565,NA,NA,NO_SHARD,False,0.0005648729968686879,128,NA,16384,0.0002272587520928937,128,2815,NA,0,16949970993152,NA,0.0,top_k,NA,NA,112.5,False,NA,4 x NVIDIA A100-PCIE-40GB,0.0005648729968686879,128,pure_generative,0.0,1609970688,,128,NA,128,0.0002272587520928937,NA,Germany,0.669701099395752,DistributedType.MULTI_GPU,1.0,NA,Unknown (no config attribute),A3_Quantisation_Gaming,NA,Linux-5.15.0-113-generic-x86_64-with-glibc2.31,True,-0.0,NA,1.0870311098449207e-06,184.23627724416679,saxony,8335192692.827672,0.0003365272136659492,0.0,0.0003365272136659492,2815,torch.float16,NA,1.0870311098449207e-06,0.0,"April 21, 2025 at 08:22:48 AM",0,3539992576,AMD EPYC 7742 64-Core Processor,1.199732311960211e-10
NA,"3.10.14 (main, Apr  6 2024, 18:45:05) [GCC 9.4.0]",True,NA,120804.8879142783,0.2,NA,1235814400,NA,1.0,NA,2038957056,112.5,text_generation,NA,True,16949970993152,0.6934318542480469,False,NA,0.15783939016873794,1986052096,pytorch,False,NA,,True,0.012783506125262311,NA,meta-llama/Llama-3.2-1B,True,7.3733452096117125,16384,True,1,20.203441941598456,NA,NA,0.6,1,6335.554128351305,3055550464,120804.8879142783,39.476001627330675,1,NA,0.1356236513511431,0.0,NA,4,0,810.950928428967,NA,NA,NO_SHARD,False,0.03355691330952175,128,NA,16384,0.024727559117990495,128,2816,NA,8,16949970993152,NA,0.0,top_p,NA,NA,112.5,False,NA,4 x NVIDIA A100-PCIE-40GB,0.03355691330952175,128,pure_generative,0.0,2038957056,0.9,128,NA,128,0.024727559117990495,NA,Germany,0.6934318542480469,DistributedType.MULTI_GPU,1.0,NA,Unknown (no config attribute),R5_Real_Time_Mobile_Inference,NA,Linux-5.15.0-113-generic-x86_64-with-glibc2.31,False,0.1,NA,0.00012349722685157805,39.476001627330675,saxony,140308652.12324435,0.008705856964679626,5.0,0.008705856964679626,2816,torch.float16,NA,0.00012349722685157805,0.0,"April 21, 2025 at 08:36:46 AM",0,3055550464,AMD EPYC 7742 64-Core Processor,7.127144227154429e-09
0.0002920052829049382,"3.10.14 (main, Apr  6 2024, 18:45:05) [GCC 9.4.0]",True,0.6833939552307129,5822.011804760109,0.01,0.0016299351498196713,1235814400,5793.047735255923,1.0,0.00028664855465376603,4963390464,112.5,text_generation,1.4919816422873504e-06,False,20248623316992,0.6760808229446411,False,0.6825385093688965,13.837836892435963,1875030016,pytorch,False,551.8273307253929,,False,0.0006209237953238038,466.3664961025046,meta-llama/Llama-3.2-1B,False,1.418036177408922,16384,True,4,1771.2431222318032,0.0006084912922814137,0.0006130170929849288,0.1,32,2312.5001579901436,7549747200,23233.10473066778,497.2121445950294,4,0.0016091799264599785,0.7052006260004098,100.0,0.001311035771049962,4,0,9.250000631960575,5750.27865130093,474.94363949199555,NO_SHARD,False,0.0016172255013222525,128,0.0002847746567485956,16384,0.0002887972482494661,128,2817,112.5,0,16949970993152,5867.766539350817,100.0,greedy,0.0013364160691327065,0.0015972996253613694,112.5,False,0.001321039390163925,4 x NVIDIA A100-PCIE-40GB,0.006453640202963272,128,pure_generative,3.0,4963390464,,128,1.5137977820268698e-06,128,0.001152225742556766,1.4891975628114306e-06,Germany,0.6536822319030762,DistributedType.MULTI_GPU,1.0,112.5,Unknown (no config attribute),R6_Medium_Scale_Language_Model_Serving,112.5,Linux-5.15.0-113-generic-x86_64-with-glibc2.31,False,2.4,0.0006160820547287121,1.4405248169957777e-06,495.7111120602246,saxony,871541860.2776643,0.0013269877282557907,0.0,0.005295478958602384,2817,torch.float16,0.6847085952758789,5.9355018041214285e-06,100.0,"April 21, 2025 at 08:37:28 AM",0,7549747200,AMD EPYC 7742 64-Core Processor,1.1473918185426115e-09
